"section","ordinal","kind","caption","verification","source"
"В.1","1","text","ДОДАТОК В ","VERIFIED_PRIMARY","ДБН А.3.1-5:2016, Додаток В (обов'язковий), с. 33-34; офіційний файл sha256=4592edafaa8097d3b9305b7934d080256d649616a2741b6a5537a28606a665e3; чинність редакції підтверджена власником 2026-08-10"
"В.1","2","hint","(обов'язковий) ","VERIFIED_PRIMARY","ДБН А.3.1-5:2016, Додаток В (обов'язковий), с. 33-34; офіційний файл sha256=4592edafaa8097d3b9305b7934d080256d649616a2741b6a5537a28606a665e3; чинність редакції підтверджена власником 2026-08-10"
"В.1","3","text","ФОРМИ СТОРІНОК АКТА НА ЗАКРИТТЯ ПРИХОВАНИХ РОБІТ ","VERIFIED_PRIMARY","ДБН А.3.1-5:2016, Додаток В (обов'язковий), с. 33-34; офіційний файл sha256=4592edafaa8097d3b9305b7934d080256d649616a2741b6a5537a28606a665e3; чинність редакції підтверджена власником 2026-08-10"
"В.1","4","text","В.1 Форма першої сторінки ","VERIFIED_PRIMARY","ДБН А.3.1-5:2016, Додаток В (обов'язковий), с. 33-34; офіційний файл sha256=4592edafaa8097d3b9305b7934d080256d649616a2741b6a5537a28606a665e3; чинність редакції підтверджена власником 2026-08-10"
"В.1","5","text","АКТ НА ЗАКРИТТЯ ПРИХОВАНИХ РОБІТ ","VERIFIED_PRIMARY","ДБН А.3.1-5:2016, Додаток В (обов'язковий), с. 33-34; офіційний файл sha256=4592edafaa8097d3b9305b7934d080256d649616a2741b6a5537a28606a665e3; чинність редакції підтверджена власником 2026-08-10"
"В.1","6","rule","_________________________________________________________________________________________ ","VERIFIED_PRIMARY","ДБН А.3.1-5:2016, Додаток В (обов'язковий), с. 33-34; офіційний файл sha256=4592edafaa8097d3b9305b7934d080256d649616a2741b6a5537a28606a665e3; чинність редакції підтверджена власником 2026-08-10"
"В.1","7","hint","(найменування робіт) ","VERIFIED_PRIMARY","ДБН А.3.1-5:2016, Додаток В (обов'язковий), с. 33-34; офіційний файл sha256=4592edafaa8097d3b9305b7934d080256d649616a2741b6a5537a28606a665e3; чинність редакції підтверджена власником 2026-08-10"
"В.1","8","text","виконаних в ________________________________________________________________________________  ","VERIFIED_PRIMARY","ДБН А.3.1-5:2016, Додаток В (обов'язковий), с. 33-34; офіційний файл sha256=4592edafaa8097d3b9305b7934d080256d649616a2741b6a5537a28606a665e3; чинність редакції підтверджена власником 2026-08-10"
"В.1","9","hint","(найменування і місце розташування об'єкта будівництва) ","VERIFIED_PRIMARY","ДБН А.3.1-5:2016, Додаток В (обов'язковий), с. 33-34; офіційний файл sha256=4592edafaa8097d3b9305b7934d080256d649616a2741b6a5537a28606a665e3; чинність редакції підтверджена власником 2026-08-10"
"В.1","10","text","""____""____________20___ р. ","VERIFIED_PRIMARY","ДБН А.3.1-5:2016, Додаток В (обов'язковий), с. 33-34; офіційний файл sha256=4592edafaa8097d3b9305b7934d080256d649616a2741b6a5537a28606a665e3; чинність редакції підтверджена власником 2026-08-10"
"В.1","11","text","Представник будівельної організації ____________________________________________________________  ","VERIFIED_PRIMARY","ДБН А.3.1-5:2016, Додаток В (обов'язковий), с. 33-34; офіційний файл sha256=4592edafaa8097d3b9305b7934d080256d649616a2741b6a5537a28606a665e3; чинність редакції підтверджена власником 2026-08-10"
"В.1","12","hint","(прізвище, ініціали, посада) ","VERIFIED_PRIMARY","ДБН А.3.1-5:2016, Додаток В (обов'язковий), с. 33-34; офіційний файл sha256=4592edafaa8097d3b9305b7934d080256d649616a2741b6a5537a28606a665e3; чинність редакції підтверджена власником 2026-08-10"
"В.1","13","rule","_____________________________________________________________________________________________________ ","VERIFIED_PRIMARY","ДБН А.3.1-5:2016, Додаток В (обов'язковий), с. 33-34; офіційний файл sha256=4592edafaa8097d3b9305b7934d080256d649616a2741b6a5537a28606a665e3; чинність редакції підтверджена власником 2026-08-10"
"В.1","14","text","Представник технічного нагляду замовника ______________________________________________________  ","VERIFIED_PRIMARY","ДБН А.3.1-5:2016, Додаток В (обов'язковий), с. 33-34; офіційний файл sha256=4592edafaa8097d3b9305b7934d080256d649616a2741b6a5537a28606a665e3; чинність редакції підтверджена власником 2026-08-10"
"В.1","15","hint","(прізвище, ініціали, посада,номер та серія сертифіката) ","VERIFIED_PRIMARY","ДБН А.3.1-5:2016, Додаток В (обов'язковий), с. 33-34; офіційний файл sha256=4592edafaa8097d3b9305b7934d080256d649616a2741b6a5537a28606a665e3; чинність редакції підтверджена власником 2026-08-10"
"В.1","16","text","Представник проектної організації (згідно з договором про здійснення авторського нагляду) ","VERIFIED_PRIMARY","ДБН А.3.1-5:2016, Додаток В (обов'язковий), с. 33-34; офіційний файл sha256=4592edafaa8097d3b9305b7934d080256d649616a2741b6a5537a28606a665e3; чинність редакції підтверджена власником 2026-08-10"
"В.1","17","rule","______________________________________________________________________________________ ","VERIFIED_PRIMARY","ДБН А.3.1-5:2016, Додаток В (обов'язковий), с. 33-34; офіційний файл sha256=4592edafaa8097d3b9305b7934d080256d649616a2741b6a5537a28606a665e3; чинність редакції підтверджена власником 2026-08-10"
"В.1","18","hint","(прізвище, ініціали, посада, номер та серія сертифіката) ","VERIFIED_PRIMARY","ДБН А.3.1-5:2016, Додаток В (обов'язковий), с. 33-34; офіційний файл sha256=4592edafaa8097d3b9305b7934d080256d649616a2741b6a5537a28606a665e3; чинність редакції підтверджена власником 2026-08-10"
"В.1","19","text","провели огляд робіт, виконаних _______________________________________________________________  ","VERIFIED_PRIMARY","ДБН А.3.1-5:2016, Додаток В (обов'язковий), с. 33-34; офіційний файл sha256=4592edafaa8097d3b9305b7934d080256d649616a2741b6a5537a28606a665e3; чинність редакції підтверджена власником 2026-08-10"
"В.1","20","hint","(найменування будівельної організації) ","VERIFIED_PRIMARY","ДБН А.3.1-5:2016, Додаток В (обов'язковий), с. 33-34; офіційний файл sha256=4592edafaa8097d3b9305b7934d080256d649616a2741b6a5537a28606a665e3; чинність редакції підтверджена власником 2026-08-10"
"В.1","21","text","і склали цей акт про наступне: ","VERIFIED_PRIMARY","ДБН А.3.1-5:2016, Додаток В (обов'язковий), с. 33-34; офіційний файл sha256=4592edafaa8097d3b9305b7934d080256d649616a2741b6a5537a28606a665e3; чинність редакції підтверджена власником 2026-08-10"
"В.1","22","text","1. До закриття пред'явлені такі роботи: _____________________________________________________  ","VERIFIED_PRIMARY","ДБН А.3.1-5:2016, Додаток В (обов'язковий), с. 33-34; офіційний файл sha256=4592edafaa8097d3b9305b7934d080256d649616a2741b6a5537a28606a665e3; чинність редакції підтверджена власником 2026-08-10"
"В.1","23","hint","(найменування прихованих робіт) ","VERIFIED_PRIMARY","ДБН А.3.1-5:2016, Додаток В (обов'язковий), с. 33-34; офіційний файл sha256=4592edafaa8097d3b9305b7934d080256d649616a2741b6a5537a28606a665e3; чинність редакції підтверджена власником 2026-08-10"
"В.1","24","text","2. Роботи виконані за проектною документацією  ____________________________________________  ","VERIFIED_PRIMARY","ДБН А.3.1-5:2016, Додаток В (обов'язковий), с. 33-34; офіційний файл sha256=4592edafaa8097d3b9305b7934d080256d649616a2741b6a5537a28606a665e3; чинність редакції підтверджена власником 2026-08-10"
"В.1","25","hint","(найменування проектної організації, номер креслень і дата їх складання) ","VERIFIED_PRIMARY","ДБН А.3.1-5:2016, Додаток В (обов'язковий), с. 33-34; офіційний файл sha256=4592edafaa8097d3b9305b7934d080256d649616a2741b6a5537a28606a665e3; чинність редакції підтверджена власником 2026-08-10"
"В.1","26","text","3. При виконанні робіт застосовані ________________________________________________________  ","VERIFIED_PRIMARY","ДБН А.3.1-5:2016, Додаток В (обов'язковий), с. 33-34; офіційний файл sha256=4592edafaa8097d3b9305b7934d080256d649616a2741b6a5537a28606a665e3; чинність редакції підтверджена власником 2026-08-10"
"В.1","27","hint","(найменування матеріалів, конструкцій з посиланням на сертифікати або інші документи) ","VERIFIED_PRIMARY","ДБН А.3.1-5:2016, Додаток В (обов'язковий), с. 33-34; офіційний файл sha256=4592edafaa8097d3b9305b7934d080256d649616a2741b6a5537a28606a665e3; чинність редакції підтверджена власником 2026-08-10"
"В.1","28","text","4. При виконанні робіт відсутні (або допущені) відхилення від проектної документації ","VERIFIED_PRIMARY","ДБН А.3.1-5:2016, Додаток В (обов'язковий), с. 33-34; офіційний файл sha256=4592edafaa8097d3b9305b7934d080256d649616a2741b6a5537a28606a665e3; чинність редакції підтверджена власником 2026-08-10"
"В.1","29","hint","(за наявності відхилень вказується, з ким і як погоджені, номер креслень і дата погодження) ","VERIFIED_PRIMARY","ДБН А.3.1-5:2016, Додаток В (обов'язковий), с. 33-34; офіційний файл sha256=4592edafaa8097d3b9305b7934d080256d649616a2741b6a5537a28606a665e3; чинність редакції підтверджена власником 2026-08-10"
"В.1","30","text","5. Дата: початку робіт  ___________________________________  ","VERIFIED_PRIMARY","ДБН А.3.1-5:2016, Додаток В (обов'язковий), с. 33-34; офіційний файл sha256=4592edafaa8097d3b9305b7934d080256d649616a2741b6a5537a28606a665e3; чинність редакції підтверджена власником 2026-08-10"
"В.1","31","text","закінчення робіт _________________________________  ","VERIFIED_PRIMARY","ДБН А.3.1-5:2016, Додаток В (обов'язковий), с. 33-34; офіційний файл sha256=4592edafaa8097d3b9305b7934d080256d649616a2741b6a5537a28606a665e3; чинність редакції підтверджена власником 2026-08-10"
"В.2","32","text","В.2 Форма останньої сторінки ","VERIFIED_PRIMARY","ДБН А.3.1-5:2016, Додаток В (обов'язковий), с. 33-34; офіційний файл sha256=4592edafaa8097d3b9305b7934d080256d649616a2741b6a5537a28606a665e3; чинність редакції підтверджена власником 2026-08-10"
"В.2","33","text","Рішення ","VERIFIED_PRIMARY","ДБН А.3.1-5:2016, Додаток В (обов'язковий), с. 33-34; офіційний файл sha256=4592edafaa8097d3b9305b7934d080256d649616a2741b6a5537a28606a665e3; чинність редакції підтверджена власником 2026-08-10"
"В.2","34","text","Роботи виконані відповідно до проектної документації, стандартів, будівельних норм і правил, технічних ","VERIFIED_PRIMARY","ДБН А.3.1-5:2016, Додаток В (обов'язковий), с. 33-34; офіційний файл sha256=4592edafaa8097d3b9305b7934d080256d649616a2741b6a5537a28606a665e3; чинність редакції підтверджена власником 2026-08-10"
"В.2","35","text","умов і відповідають вимогам їх прийняття. ","VERIFIED_PRIMARY","ДБН А.3.1-5:2016, Додаток В (обов'язковий), с. 33-34; офіційний файл sha256=4592edafaa8097d3b9305b7934d080256d649616a2741b6a5537a28606a665e3; чинність редакції підтверджена власником 2026-08-10"
"В.2","36","text","На основі викладеного дозволяється виконання наступних робіт ","VERIFIED_PRIMARY","ДБН А.3.1-5:2016, Додаток В (обов'язковий), с. 33-34; офіційний файл sha256=4592edafaa8097d3b9305b7934d080256d649616a2741b6a5537a28606a665e3; чинність редакції підтверджена власником 2026-08-10"
"В.2","37","rule","____________________________________________________________________________________________ ","VERIFIED_PRIMARY","ДБН А.3.1-5:2016, Додаток В (обов'язковий), с. 33-34; офіційний файл sha256=4592edafaa8097d3b9305b7934d080256d649616a2741b6a5537a28606a665e3; чинність редакції підтверджена власником 2026-08-10"
"В.2","38","rule","____________________________________________________________________________________________ ","VERIFIED_PRIMARY","ДБН А.3.1-5:2016, Додаток В (обов'язковий), с. 33-34; офіційний файл sha256=4592edafaa8097d3b9305b7934d080256d649616a2741b6a5537a28606a665e3; чинність редакції підтверджена власником 2026-08-10"
"В.2","39","hint","(найменування робіт і конструкцій) ","VERIFIED_PRIMARY","ДБН А.3.1-5:2016, Додаток В (обов'язковий), с. 33-34; офіційний файл sha256=4592edafaa8097d3b9305b7934d080256d649616a2741b6a5537a28606a665e3; чинність редакції підтверджена власником 2026-08-10"
"В.2","40","text","Представник будівельної організації ","VERIFIED_PRIMARY","ДБН А.3.1-5:2016, Додаток В (обов'язковий), с. 33-34; офіційний файл sha256=4592edafaa8097d3b9305b7934d080256d649616a2741b6a5537a28606a665e3; чинність редакції підтверджена власником 2026-08-10"
"В.2","41","text","Представник технічного нагляду ","VERIFIED_PRIMARY","ДБН А.3.1-5:2016, Додаток В (обов'язковий), с. 33-34; офіційний файл sha256=4592edafaa8097d3b9305b7934d080256d649616a2741b6a5537a28606a665e3; чинність редакції підтверджена власником 2026-08-10"
"В.2","42","text","замовника ","VERIFIED_PRIMARY","ДБН А.3.1-5:2016, Додаток В (обов'язковий), с. 33-34; офіційний файл sha256=4592edafaa8097d3b9305b7934d080256d649616a2741b6a5537a28606a665e3; чинність редакції підтверджена власником 2026-08-10"
"В.2","43","text","Представник проектної організації ","VERIFIED_PRIMARY","ДБН А.3.1-5:2016, Додаток В (обов'язковий), с. 33-34; офіційний файл sha256=4592edafaa8097d3b9305b7934d080256d649616a2741b6a5537a28606a665e3; чинність редакції підтверджена власником 2026-08-10"
"В.2","44","hint","(підпис) ","VERIFIED_PRIMARY","ДБН А.3.1-5:2016, Додаток В (обов'язковий), с. 33-34; офіційний файл sha256=4592edafaa8097d3b9305b7934d080256d649616a2741b6a5537a28606a665e3; чинність редакції підтверджена власником 2026-08-10"
"В.2","45","hint","(Прізвище, ім’я, по батькові) ","VERIFIED_PRIMARY","ДБН А.3.1-5:2016, Додаток В (обов'язковий), с. 33-34; офіційний файл sha256=4592edafaa8097d3b9305b7934d080256d649616a2741b6a5537a28606a665e3; чинність редакції підтверджена власником 2026-08-10"
"В.2","46","hint","(підпис) ","VERIFIED_PRIMARY","ДБН А.3.1-5:2016, Додаток В (обов'язковий), с. 33-34; офіційний файл sha256=4592edafaa8097d3b9305b7934d080256d649616a2741b6a5537a28606a665e3; чинність редакції підтверджена власником 2026-08-10"
"В.2","47","hint","(Прізвище, ім’я, по батькові) ","VERIFIED_PRIMARY","ДБН А.3.1-5:2016, Додаток В (обов'язковий), с. 33-34; офіційний файл sha256=4592edafaa8097d3b9305b7934d080256d649616a2741b6a5537a28606a665e3; чинність редакції підтверджена власником 2026-08-10"
"В.2","48","hint","(підпис) ","VERIFIED_PRIMARY","ДБН А.3.1-5:2016, Додаток В (обов'язковий), с. 33-34; офіційний файл sha256=4592edafaa8097d3b9305b7934d080256d649616a2741b6a5537a28606a665e3; чинність редакції підтверджена власником 2026-08-10"
"В.2","49","hint","(Прізвище, ім’я, по батькові) ","VERIFIED_PRIMARY","ДБН А.3.1-5:2016, Додаток В (обов'язковий), с. 33-34; офіційний файл sha256=4592edafaa8097d3b9305b7934d080256d649616a2741b6a5537a28606a665e3; чинність редакції підтверджена власником 2026-08-10"
"В.2","50","text","Примітка. Керівник генпідрядної організації не пізніше ніж за 5 робочих днів інформує учасників про дату і ","VERIFIED_PRIMARY","ДБН А.3.1-5:2016, Додаток В (обов'язковий), с. 33-34; офіційний файл sha256=4592edafaa8097d3b9305b7934d080256d649616a2741b6a5537a28606a665e3; чинність редакції підтверджена власником 2026-08-10"
"В.2","51","text","місце проведення роботи. ","VERIFIED_PRIMARY","ДБН А.3.1-5:2016, Додаток В (обов'язковий), с. 33-34; офіційний файл sha256=4592edafaa8097d3b9305b7934d080256d649616a2741b6a5537a28606a665e3; чинність редакції підтверджена власником 2026-08-10"
