rule_id,priority,command_class,organization_states,subscription_states,project_states,contract_states,work_phase,decision,lease_effect,test_ids,notes
CA-001,10,all_commands,closed,*,*,*,*,deny,invalidate,T-COMMAND-AVAILABILITY-001|T-LEASE-PARENT-001,Terminal organization permits only separately retained offline export artifacts and no interactive command.
CA-002,20,read_scoped,trial|active|suspended|closing,pilot|trialing|active|grace|suspended|cancelled|export_only,draft|active|paused|completed|archived,draft|active|completed|terminated,*,allow,none,T-READ-CLOSURE-001|T-COMMAND-AVAILABILITY-001,Read remains permission and scope filtered; suspended and closing are not authorization bypasses.
CA-003,20,export,trial|active|suspended|closing,pilot|trialing|active|grace|suspended|cancelled|export_only,draft|active|paused|completed|archived,draft|active|completed|terminated,*,allow,none,T-EXPORT-CANCEL-001|T-COMMAND-AVAILABILITY-001,Recent authentication entitlement retention and legal-hold guards still apply.
CA-004,20,payment_recovery,trial|active|suspended|closing,pilot|trialing|grace|suspended|cancelled|export_only,*,*,*,allow,none,T-PAYMENT-FINGERPRINT-001|T-COMMAND-AVAILABILITY-001,Allows settlement and explicit correction needed to restore or close service.
CA-005,20,support_security_recovery,trial|active|suspended|closing,pilot|trialing|active|grace|suspended|cancelled|export_only,*,*,*,allow,invalidate_if_auth_changes,T-OFFBOARD-SCALE-001|T-COMMAND-AVAILABILITY-001,Recent MFA exact scope TTL and independent security controls remain mandatory.
CA-006,30,member_security_change,trial|active|suspended|closing,pilot|trialing|active|grace|suspended|cancelled|export_only,*,*,*,allow,invalidate_actor,T-OFFBOARD-SCALE-001|T-LEASE-PARENT-001,Membership suspension revoke scope removal and session response remain available for risk reduction.
CA-007,30,process_already_received,trial|active|suspended|closing,pilot|trialing|active|grace|suspended|cancelled|export_only,draft|active|paused|completed|archived,draft|active|completed|terminated,server_received|scanning|pending_review,allow,do_not_issue_new,T-COMMAND-AVAILABILITY-001|T-OFFLINE-REVOKE-001,Only commands for an object durably received before the parent change may progress it to an auditable safe state.
CA-008,30,review_existing,trial|active|suspended|closing,pilot|trialing|active|grace|suspended|cancelled|export_only,active|paused|completed,active|completed|terminated,pending_review|returned|approved,allow,do_not_issue_new,T-REVIEW-CORRECTION-001|T-COMMAND-AVAILABILITY-001,Review and guarded correction may finish existing work but cannot create new field authority.
CA-009,35,first_seen_offline_capture,trial|active,pilot|trialing|active|grace,active,active,lease_valid,allow,retain,T-OFFLINE-REVOKE-001|T-LEASE-PARENT-001,All signed parent versions and server validity must still match at first receipt. Non-restrictive parent upgrades are not a lease mismatch per doc 23 §6.
CA-010,35,first_seen_offline_capture,trial|active|suspended|closing,pilot|trialing|active|grace|suspended|cancelled|export_only,draft|active|paused|completed|archived,draft|active|completed|terminated,lease_invalidated_or_parent_mismatch,quarantine,invalidate,T-OFFLINE-REVOKE-001|T-LEASE-PARENT-001,Server cannot infer that unseen bytes existed before invalidation; security recovery is separate. Mismatch means restrictive transitions only per doc 23 §6.
CA-011,40,new_field_execution,trial|active,pilot|trialing|active,active,active,assigned|accepted|in_progress,allow,issue_bounded,T-ASSIGNMENT-BUNDLE-001|T-COMMAND-AVAILABILITY-001,Requires active exact membership assignment rule reference and entitlement snapshots.
CA-012,40,normal_project_mutation,trial|active,pilot|trialing|active,active,active,*,allow,invalidate_if_parent_version_changes,T-COMMAND-AVAILABILITY-001|T-LEASE-PARENT-001,Create update assignment rule reference and import commands require an active commercial baseline.
CA-013,40,period_close_package,trial|active,pilot|trialing|active,active,active,*,allow,none,T-PERIOD-CYCLE-001|T-COMMAND-AVAILABILITY-001,Close and package consume exact preflight and terms snapshots and all hard blockers.
CA-014,40,commercial_correction,trial|active|suspended|closing,pilot|trialing|active|grace|suspended|cancelled|export_only,active|paused|completed,active|completed|terminated,*,allow,none,T-ACCEPTANCE-DOWNSTREAM-001|T-COMMAND-AVAILABILITY-001,Only append-only correction reversal reconciliation or recovery commands are allowed outside normal active state.
CA-015,45,organization_settings_mutation,trial|active,pilot|trialing|active|grace,*,*,*,allow,invalidate_if_auth_context_changes,T-COMMAND-AVAILABILITY-001,Does not include lifecycle ownership billing or security commands which use dedicated classes.
CA-016,50,period_reopen,trial|active,pilot|trialing|active,active,active,closed,allow,none,T-PERIOD-CYCLE-001|T-COMMAND-AVAILABILITY-001,Also requires no submission external decision acceptance receivable or payment dependency.
CA-017,50,archive_or_complete,trial|active,pilot|trialing|active,draft|active|paused|completed,draft|active|completed|terminated,*,allow,invalidate,T-LEASE-PARENT-001|T-CONTRACT-LIFECYCLE-001,Impact preview and exact dependency guards decide the particular lifecycle command.
CA-018,40,project_communication_reply,trial|active,pilot|trialing|active,active,*,*,allow,none,T-TG-005|T-COMMAND-AVAILABILITY-001,Requires current project.view plus communication.reply and the same active healthy locked Telegram binding; a delivery_unknown manual retry additionally requires acknowledgePossibleDuplicate=true because provider acceptance may already have happened.
CA-901,900,read_scoped,*,*,*,*,*,deny,none,T-COMMAND-AVAILABILITY-001,Default deny after higher-priority allow rules.
CA-902,900,export,*,*,*,*,*,deny,none,T-COMMAND-AVAILABILITY-001,Default deny after higher-priority allow rules.
CA-903,900,payment_recovery,*,*,*,*,*,deny,none,T-COMMAND-AVAILABILITY-001,Default deny after higher-priority allow rules.
CA-904,900,support_security_recovery,*,*,*,*,*,deny,none,T-COMMAND-AVAILABILITY-001,Default deny after higher-priority allow rules.
CA-905,900,member_security_change,*,*,*,*,*,deny,invalidate,T-COMMAND-AVAILABILITY-001,Default deny after higher-priority allow rules.
CA-906,900,process_already_received,*,*,*,*,*,deny,none,T-COMMAND-AVAILABILITY-001,Default deny after higher-priority allow rules.
CA-907,900,review_existing,*,*,*,*,*,deny,none,T-COMMAND-AVAILABILITY-001,Default deny after higher-priority allow rules.
CA-908,900,first_seen_offline_capture,*,*,*,*,*,deny,invalidate,T-COMMAND-AVAILABILITY-001,Any context not explicitly safe is rejected rather than trusting device time.
CA-909,900,new_field_execution,*,*,*,*,*,deny,invalidate,T-COMMAND-AVAILABILITY-001,No new field authority in paused suspended closing completed terminated or export-only contexts.
CA-910,900,normal_project_mutation,*,*,*,*,*,deny,invalidate,T-COMMAND-AVAILABILITY-001,Default deny for new consumption.
CA-911,900,period_close_package,*,*,*,*,*,deny,none,T-COMMAND-AVAILABILITY-001,Default deny for commercial snapshot creation.
CA-912,900,commercial_correction,*,*,*,*,*,deny,none,T-COMMAND-AVAILABILITY-001,Default deny after higher-priority correction rule.
CA-913,900,organization_settings_mutation,*,*,*,*,*,deny,none,T-COMMAND-AVAILABILITY-001,Default deny after higher-priority allow rule.
CA-914,900,period_reopen,*,*,*,*,*,deny,none,T-COMMAND-AVAILABILITY-001,Default deny after eligible reopen rule.
CA-915,900,archive_or_complete,*,*,*,*,*,deny,invalidate,T-COMMAND-AVAILABILITY-001,Default deny after lifecycle guard rule.
CA-916,900,project_communication_reply,*,*,*,*,*,deny,none,T-TG-005|T-COMMAND-AVAILABILITY-001,Default deny prevents replies and manual retries when the project or its one locked Telegram channel is not active and healthy.
