profile_item,standard_ref,release,scope,goproceed_requirement,verification,test_ids,status,gate
MOB-BASE,OWASP-MASVS-v2.1.0-all-applicable,Pilot,Expo field application,All applicable MASVS controls for enabled native functionality; N/A needs threat-model rationale,MASTG v2.0.0 L1/L2 profile selected per platform and threat model,T-ASVS-001|T-MOBILE-001|T-DEVICE-001,specified_no_runtime_evidence,PILOT-BLOCKER
MOB-STORAGE,OWASP-MASVS-v2.1.0-STORAGE,Pilot,SQLite outbox files credentials and diagnostic export,Minimize scoped cache; OS sandbox; no secrets/raw tokens in logs; protected draft lifecycle and identity-change handling,Static plus physical-device runtime storage inspection,T-MOBILE-001|T-SYNC-002|T-PRIVACY-001,specified_no_runtime_evidence,PILOT-BLOCKER
MOB-CRYPTO,OWASP-MASVS-v2.1.0-CRYPTO,Pilot,local protected values hashes and transport helpers,Use platform/provider cryptography only; no custom algorithms or embedded keys; key loss/rotation behavior documented,Static dependency/key scan and runtime key-store checks,T-ASVS-001|T-DEVICE-001,specified_no_runtime_evidence,PILOT-BLOCKER
MOB-AUTH,OWASP-MASVS-v2.1.0-AUTH,Pilot,login refresh revoke lock and offline authorization,Server is authority; refresh rotation; local re-entry protection where threat model requires; membership revoke blocks sync,Session/revoke/device-loss matrix,T-AUTH-001|T-OFFBOARD-001|T-MOBILE-001,specified_no_runtime_evidence,PILOT-BLOCKER
MOB-NETWORK,OWASP-MASVS-v2.1.0-NETWORK,Pilot,API upload and signed download traffic,TLS only; no trust-all or debug proxy config in release; certificate errors fail safely; retry never duplicates commands,Static config plus hostile-network dynamic tests,T-SYNC-001|T-DEVICE-001|T-ASVS-001,specified_no_runtime_evidence,PILOT-BLOCKER
MOB-PLATFORM,OWASP-MASVS-v2.1.0-PLATFORM,Pilot,camera files links permissions screenshots and IPC,Least permissions; explicit camera/gallery/location semantics; validate inbound links/files; prevent unintended content sharing,Manifest/entitlement review and physical interaction tests,T-CAPTURE-002|T-DEVICE-001,specified_no_runtime_evidence,PILOT-BLOCKER
MOB-CODE,OWASP-MASVS-v2.1.0-CODE,Pilot,release build dependencies WebViews and native bridges,No debug endpoints/logging or unsafe WebView bridge; lock dependencies; validate untrusted data at boundary,Static/SCA/release-binary inspection and fuzz fixtures,T-CI-001|T-UPLOAD-001|T-ASVS-001,specified_no_runtime_evidence,PILOT-BLOCKER
MOB-RESILIENCE,OWASP-MASVS-v2.1.0-RESILIENCE,GA,release binary and abuse resistance,Apply resilience only from explicit threat model; never treat obfuscation/root detection as authorization or data-integrity control,Static/dynamic tamper review and server-side bypass tests,T-SECURITY-REVIEW-001,specified_no_runtime_evidence,GA-BLOCKER
MOB-PRIVACY,OWASP-MASVS-v2.1.0-PRIVACY,Pilot,photos location timestamps metadata analytics and SDK disclosures,Data minimization purpose disclosure permission timing metadata policy and SDK inventory; no undeclared tracking,Privacy static/dynamic network and permission review,T-PRIVACY-001|T-CAPTURE-002,specified_no_runtime_evidence,PILOT-BLOCKER
