domain,from_state,command,to_state,actor,guards,side_effects,reversal,error_code
organization,trial,activate,active,billing_operator_or_system,payment_or_pilot_grant,entitlements_started,suspend,ORG_ACTIVATION_REQUIRED
organization,active,suspend,suspended,system_or_authorized_operator,subscription_or_security_guard,block_new_consumption_keep_read_export_and_invalidate_leases,restore,ORG_SUSPENSION_CONFLICT
organization,suspended,restore,active,system_or_authorized_operator,payment_or_security_clear,refresh_entitlements_and_sessions,suspend,ORG_RESTORE_DENIED
organization,active,begin_closing,closing,owner,recent_auth_no_transfer_pending,start_export_cooling_off_and_invalidate_leases,cancel_closing,ORG_CLOSE_BLOCKED
organization,closing,cancel_closing,active,owner,recent_auth_before_execution,closure_job_cancelled_and_access_restored,begin_closing,ORG_CLOSE_BLOCKED
organization,closing,close,closed,retention_worker,window_elapsed_holds_evaluated,schedule_deletion_by_class_and_revoke_sessions,new_organization_from_export,LEGAL_HOLD_ACTIVE
organization,trial,begin_closing,closing,owner,recent_auth_no_transfer_pending,start_export_cooling_off_and_invalidate_leases,cancel_closing,ORG_CLOSE_BLOCKED
organization,suspended,begin_closing,closing,owner,recent_auth_no_transfer_pending,start_export_cooling_off_and_invalidate_leases,cancel_closing,ORG_CLOSE_BLOCKED
invitation,draft,queue,queued,authorized_admin,role_scope_valid,delivery_intent_created,revoke,INVITATION_INVALID
invitation,queued,mark_sent,sent,delivery_worker,provider_accepted,delivery_attempt_recorded,revoke,INVITATION_DELIVERY_FAILED
invitation,queued,delivery_fail,delivery_failed,delivery_worker,provider_terminal_error,notify_inviter,retry,INVITATION_DELIVERY_FAILED
invitation,delivery_failed,retry,queued,authorized_admin_or_worker,token_still_valid,new_delivery_attempt,revoke,INVITATION_INVALID
invitation,sent,accept,accepted,invitee,valid_token_terms_mfa,membership_activated_atomically,new_membership_revoke,MEMBERSHIP_INVITE_INVALID
invitation,sent,expire,expired,system,ttl_elapsed,token_invalidated,new_invite,MEMBERSHIP_INVITE_INVALID
invitation,sent,revoke,revoked,authorized_admin,not_already_consumed,token_invalidated,new_invite,MEMBERSHIP_INVITE_INVALID
invitation,queued,revoke,revoked,authorized_admin,not_already_consumed,token_invalidated,new_invite,MEMBERSHIP_INVITE_INVALID
invitation,queued,expire,expired,system,ttl_elapsed,token_invalidated,new_invite,MEMBERSHIP_INVITE_INVALID
invitation,delivery_failed,revoke,revoked,authorized_admin,not_already_consumed,token_invalidated,new_invite,MEMBERSHIP_INVITE_INVALID
invitation,delivery_failed,expire,expired,system,ttl_elapsed,token_invalidated,new_invite,MEMBERSHIP_INVITE_INVALID
membership,invited,accept,active,invitee,accepted_invitation_terms_mfa,session_claims_refresh,suspend,MEMBERSHIP_INVITE_INVALID
membership,active,suspend,suspended,authorized_admin,not_final_owner,revoke_sessions_and_invalidate_actor_leases,reinstate,MEMBERSHIP_FINAL_OWNER
membership,suspended,reinstate,active,authorized_admin,scope_role_revalidated,membership_version_incremented,suspend,MEMBERSHIP_SCOPE_CONFLICT
membership,active,revoke,revoked,authorized_admin,offboarding_plan_consumable_and_not_final_owner,revoke_sessions_reassign_and_invalidate_actor_leases,new_invitation,MEMBERSHIP_FINAL_OWNER
membership,suspended,revoke,revoked,authorized_admin,offboarding_plan_consumable_and_not_final_owner,retain_authorship_remove_access_and_invalidate_actor_leases,new_invitation,MEMBERSHIP_FINAL_OWNER
evidence_request,open,fulfill,fulfilled,system,approved_linked_evidence_matches_requirement,request_closed_and_blocker_recomputed,new_request,EVIDENCE_REQUEST_CONFLICT
evidence_request,open,cancel,cancelled,requester_or_project_manager,reason_and_version_match,request_closed_blocker_unchanged,new_request,EVIDENCE_REQUEST_CONFLICT
evidence_request,open,expire,expired,system,due_at_elapsed,assignee_and_requester_notified,new_request,EVIDENCE_REQUEST_CONFLICT
ownership_transfer,requested,confirm_successor,successor_confirmed,named_successor,recent_auth_mfa_not_expired,completion_transaction_queued,cancel,OWNERSHIP_TRANSFER_CONFLICT
ownership_transfer,successor_confirmed,complete,completed,system,owner_and_successor_versions_unchanged,owner_role_swap_sessions_refresh,new_transfer,OWNERSHIP_TRANSFER_CONFLICT
ownership_transfer,requested,cancel,cancelled,current_owner_or_security,recent_auth_and_not_confirmed,cancel_receipt,new_transfer,OWNERSHIP_TRANSFER_CONFLICT
ownership_transfer,requested,expire,expired,system,ttl_elapsed,token_and_pending_acceptance_invalidated,new_transfer,OWNERSHIP_TRANSFER_EXPIRED
ownership_transfer,successor_confirmed,cancel,cancelled,current_owner_or_security,recent_auth_and_not_completed,cancel_receipt,new_transfer,OWNERSHIP_TRANSFER_CONFLICT
ownership_transfer,successor_confirmed,expire,expired,system,ttl_elapsed,token_and_pending_acceptance_invalidated,new_transfer,OWNERSHIP_TRANSFER_EXPIRED
project,draft,activate,active,owner_admin_or_project_manager,setup_complete_and_entitled,operational_commands_enabled,pause,PROJECT_STATE_CONFLICT
project,active,pause,paused,owner_admin_or_project_manager,reason_recorded,new_operational_commands_limited_and_project_leases_invalidated,resume,PROJECT_STATE_CONFLICT
project,paused,resume,active,owner_admin_or_project_manager,blocking_reason_cleared,operational_commands_enabled,pause,PROJECT_STATE_CONFLICT
project,active,complete,completed,owner_admin_or_project_manager,close_impact_previewed_and_contract_not_active,new_field_work_blocked_and_project_leases_invalidated,reopen,PROJECT_STATE_CONFLICT
project,completed,reopen,active,owner_admin_or_project_manager,reason_and_no_archive_started,operational_commands_enabled,complete,PROJECT_STATE_CONFLICT
project,completed,archive,archived,owner_or_admin,no_active_contract_or_open_close_or_export_job_and_no_open_receivable_or_pending_external_decision,read_only_metering_updated_and_project_leases_invalidated,create_linked_project,PROJECT_STATE_CONFLICT
contract,draft,activate,active,pto_or_commercial,published_version_exists,current_baseline_enabled,terminate,CONTRACT_STATE_CONFLICT
contract,active,complete,completed,pto_or_commercial,scope_complete,operational_history_retained_and_contract_leases_invalidated,reopen,CONTRACT_STATE_CONFLICT
contract,active,terminate,terminated,owner_or_commercial,reason_and_effective_date,history_retained_new_work_blocked_and_contract_leases_invalidated,new_contract,CONTRACT_STATE_CONFLICT
contract,completed,reopen,active,pto_or_commercial,reason_recent_auth_and_no_archived_project,new_contract_cycle_and_audit,complete,CONTRACT_STATE_CONFLICT
contract_version,draft,start_validation,validating,pto_or_commercial,source_and_mapping_present,validation_job_created,validation_fail,IMPORT_VALIDATION_FAILED
contract_version,validating,validation_pass,ready_to_publish,worker,no_row_errors_reconciliation_ready,impact_preview_available,new_contract_version,IMPORT_VALIDATION_FAILED
contract_version,validating,validation_fail,rejected,worker,terminal_validation_error,row_error_export_available,new_draft,IMPORT_VALIDATION_FAILED
contract_version,ready_to_publish,publish,published,pto_or_commercial,version_match_authorized_confirm,work_items_and_audit,new_version,VERSION_CONFLICT
contract_version,published,supersede,superseded,system,new_version_published,lineage_updated,new_version,VERSION_CONFLICT
import_job,queued,start,running,worker,lease_acquired,attempt_created,cancel,IMPORT_JOB_CONFLICT
import_job,running,retry,retry_wait,worker,retryable_failure_and_attempts_left,backoff_scheduled,cancel,IMPORT_JOB_CONFLICT
import_job,retry_wait,start,running,worker,backoff_elapsed_and_lease,new_attempt,cancel,IMPORT_JOB_CONFLICT
import_job,running,succeed,succeeded,worker,reconciliation_committed,result_available,new_job,IMPORT_JOB_CONFLICT
import_job,running,fail_terminal,failed_terminal,worker,non_retryable_or_exhausted,row_errors_and_receipt,new_job,IMPORT_JOB_CONFLICT
import_job,queued,cancel,cancelled,authorized_actor,cancellation_safe,cancel_receipt,new_job,IMPORT_JOB_CONFLICT
import_job,running,cancel,cancelled,authorized_actor,cancellation_safe_lease_fenced,cancel_receipt,new_job,IMPORT_JOB_CONFLICT
import_job,retry_wait,cancel,cancelled,authorized_actor,cancellation_safe,cancel_receipt,new_job,IMPORT_JOB_CONFLICT
upload_intent,authorized,seal,sealed,authorized_actor,not_expired_exact_purpose_key_parts_type_size_and_sha256,verification_job_and_immutable_completion_receipt,new_intent,UPLOAD_CHECKSUM_MISMATCH
upload_intent,authorized,expire,expired,system,ttl_elapsed,grant_invalidated,new_intent,UPLOAD_GRANT_EXPIRED
upload_intent,authorized,cancel,cancelled,authorized_actor,no_sealed_completion,grant_invalidated_and_audit,new_intent,UPLOAD_INTENT_CONFLICT
rule_version,draft,publish,published,pto_or_authorized_manager,impact_preview_fresh_and_acknowledged,requirements_re_evaluation_queued,new_version,RULE_PUBLISH_CONFLICT
rule_version,published,retire,retired,pto_or_authorized_manager,replacement_or_no_assignments,new_assignments_blocked,new_version,RULE_PUBLISH_CONFLICT
mobile_capture,local_draft,enqueue,local_queued,device,local_validation_passed,durable_outbox_commit,new_local_draft,SYNC_LOCAL_STORAGE_FAILED
mobile_capture,local_queued,begin_upload,uploading,device,auth_scope_network,resumable_parts,new_local_queue_attempt,UPLOAD_UNAVAILABLE
mobile_capture,uploading,confirm_server,server_confirmed,device,server_receipt_matches_operation,local_receipt_persisted,new_revision,SYNC_CONFLICT
mobile_capture,uploading,terminal_fail,failed_terminal,device,non_retryable_or_attempt_policy,preserve_local_record_and_recovery,new_revision,SYNC_TERMINAL
capture_session,server_received,start_scan,scanning,worker,manifest_committed,media_scan_attempt_created,terminal_fail,SCAN_UNAVAILABLE
capture_session,scanning,scan_clean,pending_review,worker,all_required_objects_clean,review_task_and_receipt,quarantine,SCAN_FAILED
capture_session,scanning,quarantine,quarantined,worker,unsafe_or_suspicious_object,block_review_and_package,rescan,SCAN_QUARANTINED
capture_session,quarantined,rescan,scanning,security_worker,new_clean_source_or_scanner_release,new_scan_attempt,terminal_fail,SCAN_QUARANTINED
capture_session,scanning,terminal_fail,terminal_failed,worker,unrecoverable_pipeline_error,notify_creator_replacement,new_revision,SCAN_FAILED
capture_session,pending_review,return,returned,internal_reviewer,sod_reason_version_match,notify_creator_new_revision,new_revision,REVIEW_CONFLICT
capture_session,pending_review,approve,approved,internal_reviewer,sod_requirements_version_match,readiness_recompute,new_review_decision,REVIEW_CONFLICT
capture_session,pending_review,quarantine,quarantined,security_worker,new_threat_intelligence_or_rescan_finding,block_review_and_package,rescan,SCAN_QUARANTINED
requirement,missing,waive,waived,authorized_manager,recent_auth_reason_expiry_scope,manifest_disclosure,expire_waiver,READINESS_OVERRIDE_DENIED
requirement,waived,expire_waiver,expired,system,expiry_elapsed,readiness_recompute,new_waiver,WAIVER_EXPIRED
requirement,pending_review,mark_met,met,readiness_engine,approved_inputs_version_match,readiness_recompute,new_requirement_evaluation,READINESS_VERSION_CONFLICT
requirement,pending_review,mark_failed,failed,readiness_engine,returned_or_failed_inputs,remediation_task,new_requirement_evaluation,READINESS_VERSION_CONFLICT
variation,draft,mark_evidence_ready,evidence_ready,commercial_or_pm,required_internal_evidence,internal_review_task,new_variation_version,VARIATION_BLOCKED
variation,evidence_ready,approve_internal,internally_approved,authorized_internal_reviewer,sod_and_value_scope,issue_enabled,new_version,VARIATION_BLOCKED
variation,internally_approved,issue,issued,commercial_or_pm,exact_version_recipient_preview,submission_receipt,new_version,VARIATION_BLOCKED
variation,issued,acknowledge,acknowledged,external_or_authorized_actor,exact_version_assurance,receipt_recorded,new_decision,EXTERNAL_VERSION_CONFLICT
variation,acknowledged,approve,approved,external_or_authorized_actor,exact_version_authority,contract_incorporation_task,new_decision,EXTERNAL_VERSION_CONFLICT
variation,approved,incorporate,incorporated,commercial_manager,new_contract_version_published,lineage_and_value_updated,new_variation,VERSION_CONFLICT
variation,issued,return,draft,commercial_or_external_authority,exact_version_reason,new_editable_version_created,mark_evidence_ready,VARIATION_BLOCKED
variation,issued,reject,rejected,authorized_external_or_recorder,exact_version_reason,immutable_rejection_receipt,new_variation,EXTERNAL_VERSION_CONFLICT
variation,issued,withdraw,withdrawn,commercial_manager,reason_and_not_approved,withdrawal_receipt,new_variation,VARIATION_BLOCKED
variation,acknowledged,reject,rejected,authorized_external_or_recorder,exact_version_reason,immutable_rejection_receipt,new_variation,EXTERNAL_VERSION_CONFLICT
variation,acknowledged,withdraw,withdrawn,commercial_manager,reason_and_not_approved,withdrawal_receipt,new_variation,VARIATION_BLOCKED
variation,acknowledged,dispute,disputed,authorized_external_or_commercial,exact_version_basis,dispute_task_and_receipt,resolve_dispute,VARIATION_BLOCKED
variation,disputed,resolve_dispute,acknowledged,commercial_manager,exact_version_resolution,new_immutable_resolution_decision,new_variation_decision,VARIATION_BLOCKED
period,open,start_preflight,preflight,authorized_closer,one_close_lock,blocker_snapshot,cancel_preflight,PERIOD_LOCKED
period,preflight,begin_close,closing,authorized_closer,hard_gates_or_overrides,snapshot_transaction_started,cancel_close,PACKAGE_BLOCKED
period,closing,commit_close,closed,authorized_closer,package_snapshot_committed,lock_released,reopen,PACKAGE_VERSION_CONFLICT
period,closed,reopen,reopened,authorized_closer,recent_auth_reason_no_submission_no_external_decision_no_acceptance_no_receivable_no_payment,new_close_cycle_and_audit,start_preflight,PERIOD_REOPEN_DENIED
period,reopened,start_preflight,preflight,authorized_closer,one_close_lock,blocker_snapshot,cancel_preflight,PERIOD_LOCKED
period,preflight,cancel_preflight,open,authorized_closer,exact_cycle_and_no_close_transaction,close_cycle_cancelled_and_lock_released,start_preflight,PERIOD_LOCKED
period,closing,cancel_close,open,authorized_closer,no_package_snapshot_commit,close_cycle_cancelled_and_lock_released,start_preflight,PACKAGE_BLOCKED
package,draft_snapshot,start_generation,generating,authorized_user,immutable_snapshot_entitlement,job_created,new_package_version,JOB_QUEUE_UNAVAILABLE
package,generating,generation_fail,generation_failed,worker,terminal_or_retry_exhausted,error_receipt_and_recovery,retry_generation,PACKAGE_GENERATION_FAILED
package,generation_failed,retry_generation,generating,authorized_user,same_snapshot_or_explicit_new_version,new_job_attempt,new_package_version,PACKAGE_GENERATION_FAILED
package,generating,generation_success,generated,worker,artifact_hash_manifest,validation_job,new_version,PACKAGE_GENERATION_FAILED
package,generated,pass_pre_submit,ready_to_submit,worker_or_authorized_user,no_hard_blockers_artifacts_valid,submission_enabled,new_version,PACKAGE_BLOCKED
package,ready_to_submit,submit,submitted,authorized_submitter,recipient_channel_receipt_data,audit_submission,withdraw,PACKAGE_VERSION_CONFLICT
package,submitted,accept,accepted,external_reviewer,exact_version_assurance_and_server_materializes_all_accepted_lines,decision_set_and_acceptance_receipt,new_decision,EXTERNAL_VERSION_CONFLICT
package,submitted,record_aggregate_response,pending_reconciliation,authorized_recorder,exact_version_source_reference_and_actor,decision_set_and_reconciliation_task,new_package_decision_set,PACKAGE_DECISION_UNBALANCED
package,pending_reconciliation,reconcile_returned,returned,commercial_manager,complete_balanced_line_decision_set,correction_tasks_and_receipt,new_version,PACKAGE_DECISION_UNBALANCED
package,pending_reconciliation,reconcile_accepted,accepted,commercial_manager,complete_balanced_line_decision_set,acceptance_projection_and_receipt,new_decision,PACKAGE_DECISION_UNBALANCED
package,submitted,withdraw,withdrawn,authorized_submitter,withdrawal_allowed,receipt_preserved,new_version,PACKAGE_VERSION_CONFLICT
package,ready_to_submit,supersede,superseded,authorized_user,newer_version_exists,mark_noncurrent,new_version,PACKAGE_VERSION_CONFLICT
external_share,created,activate,active,authorized_submitter,recipient_scope_ttl_valid,token_delivery_allowed,revoke,EXTERNAL_SHARE_INVALID
external_share,active,challenge_otp,otp_challenged,external_reviewer,otp_required_attempt_allowed,challenge_attempt_recorded,lock,EXTERNAL_OTP_REQUIRED
external_share,otp_challenged,open,opened,external_reviewer,otp_valid_session_bound,session_created,revoke,EXTERNAL_SHARE_INVALID
external_share,active,open,opened,external_reviewer,otp_not_required_session_bound,session_created,revoke,EXTERNAL_SHARE_INVALID
external_share,opened,decide,decided,external_reviewer,scope_exact_version,append_decision_receipt,new_share,EXTERNAL_SHARE_INVALID
external_share,active,expire,expired,system,ttl_elapsed,token_invalidated,new_share,EXTERNAL_SHARE_INVALID
external_share,opened,revoke,revoked,authorized_submitter_or_security,revocation_requested,sessions_revoked,new_share,EXTERNAL_SHARE_INVALID
external_share,otp_challenged,lock,locked,system,attempt_limit_reached,security_event_and_cooldown,new_share,EXTERNAL_SHARE_LOCKED
external_share,created,revoke,revoked,authorized_submitter_or_security,revocation_requested,token_invalidated,new_share,EXTERNAL_SHARE_INVALID
external_share,active,revoke,revoked,authorized_submitter_or_security,revocation_requested,sessions_revoked,new_share,EXTERNAL_SHARE_INVALID
external_share,otp_challenged,revoke,revoked,authorized_submitter_or_security,revocation_requested,sessions_revoked,new_share,EXTERNAL_SHARE_INVALID
external_share,locked,revoke,revoked,authorized_submitter_or_security,revocation_requested,sessions_revoked,new_share,EXTERNAL_SHARE_INVALID
external_share,locked,expire,expired,system,ttl_elapsed,token_invalidated,new_share,EXTERNAL_SHARE_INVALID
external_share,locked,unlock,active,security_admin,cooldown_elapsed_identity_and_scope_reverified,new_token_and_attempt_counter,revoke,EXTERNAL_SHARE_LOCKED
receivable,draft,issue,issued,accountant,acceptance_basis_and_amount_valid,commercial_document_reference,new_receivable_adjustment,RECEIVABLE_STATE_CONFLICT
receivable,issued,become_due,due,system,due_date_reached,aging_event,new_receivable_adjustment,RECEIVABLE_STATE_CONFLICT
receivable,due,allocate_payment,part_paid,accountant,available_payment_and_outstanding,allocation_audit,new_payment_reversal,PAYMENT_ALLOCATION_EXCEEDS
receivable,overdue,allocate_payment,part_paid,accountant,available_payment_and_outstanding,allocation_audit,new_payment_reversal,PAYMENT_ALLOCATION_EXCEEDS
receivable,part_paid,allocate_payment,paid,accountant,remaining_exact,paid_event,new_payment_reversal,PAYMENT_ALLOCATION_EXCEEDS
receivable,due,mark_overdue,overdue,system,due_date_passed_with_balance,aging_alert,allocate_payment,RECEIVABLE_STATE_CONFLICT
receivable,issued,dispute,disputed,accountant_or_commercial,reason_and_basis,dispute_recorded,resolve_dispute,RECEIVABLE_STATE_CONFLICT
receivable,due,dispute,disputed,accountant_or_commercial,reason_and_basis,dispute_recorded,resolve_dispute,RECEIVABLE_STATE_CONFLICT
receivable,overdue,dispute,disputed,accountant_or_commercial,reason_and_basis,dispute_recorded,resolve_dispute,RECEIVABLE_STATE_CONFLICT
receivable,part_paid,dispute,disputed,accountant_or_commercial,reason_and_basis,dispute_recorded,resolve_dispute,RECEIVABLE_STATE_CONFLICT
receivable,disputed,resolve_dispute,due,accountant_or_commercial,resolution_and_due_basis,resolution_adjustment_and_aging,dispute,RECEIVABLE_STATE_CONFLICT
receivable,due,write_off,written_off,owner_or_commercial,recent_auth_reason_and_adjustment,writeoff_adjustment,none,RECEIVABLE_STATE_CONFLICT
receivable,overdue,write_off,written_off,owner_or_commercial,recent_auth_reason_and_adjustment,writeoff_adjustment,none,RECEIVABLE_STATE_CONFLICT
receivable,disputed,write_off,written_off,owner_or_commercial,recent_auth_reason_and_adjustment,writeoff_adjustment,none,RECEIVABLE_STATE_CONFLICT
receivable,draft,cancel,cancelled,accountant,reason_and_no_allocations,cancellation_adjustment,new_receivable,RECEIVABLE_STATE_CONFLICT
receivable,issued,cancel,cancelled,accountant,reason_and_no_allocations,cancellation_adjustment,new_receivable,RECEIVABLE_STATE_CONFLICT
receivable,issued,allocate_payment,part_paid,accountant,available_payment_and_outstanding,allocation_audit,new_payment_reversal,PAYMENT_ALLOCATION_EXCEEDS
receivable,part_paid,mark_overdue,overdue,system,due_date_passed_with_balance,aging_alert,allocate_payment,RECEIVABLE_STATE_CONFLICT
receivable,part_paid,write_off,written_off,owner_or_commercial,recent_auth_reason_and_adjustment,writeoff_adjustment,none,RECEIVABLE_STATE_CONFLICT
acceptance,pending,accept_partial,partially_accepted,authorized_recorder,exact_package_basis_and_amount,accepted_subset_recorded,new_decision,ACCEPTANCE_STATE_CONFLICT
acceptance,pending,accept,accepted,authorized_recorder,exact_package_basis_and_assurance,acceptance_receipt,new_decision,ACCEPTANCE_STATE_CONFLICT
acceptance,pending,return,returned,authorized_recorder,reason_and_exact_version,correction_task,new_package_version,ACCEPTANCE_STATE_CONFLICT
acceptance,pending,dispute,disputed,authorized_actor,reason_and_basis,dispute_task,new_decision,ACCEPTANCE_STATE_CONFLICT
subscription,pilot,activate,active,billing_operator_or_system,pilot_conversion_or_order,plan_entitlements_started,cancel,BILLING_PAYMENT_REQUIRED
subscription,trialing,activate,active,billing_operator_or_system,payment_or_credit,plan_entitlements_started,cancel,BILLING_PAYMENT_REQUIRED
subscription,active,enter_grace,grace,system,invoice_overdue,notify_owner_pay_action_and_invalidate_leases,restore,BILLING_GRACE
subscription,grace,suspend,suspended,system_or_billing,grace_expired,block_new_consumption_keep_read_export_and_invalidate_leases,restore,BILLING_SUSPENDED
subscription,suspended,restore,active,system_or_billing,payment_or_authorized_override,refresh_entitlements,enter_grace,BILLING_PAYMENT_REQUIRED
subscription,active,cancel,cancelled,owner,preview_confirmed,stop_renewal_export_timeline_and_invalidate_leases,reactivate,BILLING_PLAN_CONFLICT
subscription,cancelled,enter_export_only,export_only,system,period_end_and_policy,notify_export_deadline,reactivate,BILLING_SUSPENDED
subscription,export_only,close,closed,system,export_window_elapsed_holds_checked,organization_close_workflow,new_subscription_after_reonboarding,LEGAL_HOLD_ACTIVE
subscription,pilot,cancel,cancelled,owner,preview_confirmed,stop_pilot_renewal_preserve_export_and_invalidate_leases,reactivate,BILLING_PLAN_CONFLICT
subscription,grace,restore,active,system_or_billing,payment_or_authorized_override,refresh_entitlements,enter_grace,BILLING_PAYMENT_REQUIRED
subscription,cancelled,reactivate,active,owner,unexpired_period_preview_confirmed,renewal_restored,cancel,BILLING_PLAN_CONFLICT
subscription,export_only,reactivate,active,owner_or_billing,export_window_open_payment_and_preview_confirmed,restore_entitlements,cancel,BILLING_PLAN_CONFLICT
subscription,suspended,cancel,cancelled,owner,preview_confirmed,stop_renewal_export_timeline_and_invalidate_leases,reactivate,BILLING_PLAN_CONFLICT
subscription,grace,cancel,cancelled,owner,preview_confirmed,stop_renewal_export_timeline_and_invalidate_leases,reactivate,BILLING_PLAN_CONFLICT
subscription,trialing,cancel,cancelled,owner,preview_confirmed,stop_trial_renewal_export_timeline_and_invalidate_leases,reactivate,BILLING_PLAN_CONFLICT
saas_invoice,draft,issue,issued,billing_operator,payment_request_mode_or_approved_seller_config_and_frozen_basis,issued_record_and_delivery_receipt,credit,BILLING_INVOICE_CONFLICT
saas_invoice,issued,become_due,due,system,due_date_reached,aging_reconciliation,pay,BILLING_INVOICE_CONFLICT
saas_invoice,issued,pay,paid,billing_operator_or_reconciliation,exact_unallocated_settlement,settlement_receipt,credit,BILLING_INVOICE_CONFLICT
saas_invoice,due,pay,paid,billing_operator_or_reconciliation,exact_unallocated_settlement,settlement_receipt,credit,BILLING_INVOICE_CONFLICT
saas_invoice,due,mark_overdue,overdue,system,due_date_passed_with_balance,grace_and_owner_notification,pay,BILLING_INVOICE_CONFLICT
saas_invoice,overdue,pay,paid,billing_operator_or_reconciliation,exact_unallocated_settlement,restore_entitlements_if_clear,credit,BILLING_INVOICE_CONFLICT
saas_invoice,draft,cancel,cancelled,billing_operator,reason_and_no_settlement,cancellation_receipt,new_invoice,BILLING_INVOICE_CONFLICT
saas_invoice,issued,credit,credited,billing_operator,versioned_credit_basis,credit_document_and_reconciliation,new_invoice,BILLING_INVOICE_CONFLICT
saas_invoice,due,credit,credited,billing_operator,versioned_credit_basis,credit_document_and_reconciliation,new_invoice,BILLING_INVOICE_CONFLICT
saas_invoice,overdue,credit,credited,billing_operator,versioned_credit_basis,credit_document_and_reconciliation,new_invoice,BILLING_INVOICE_CONFLICT
saas_invoice,paid,credit,credited,billing_operator,expected_version_credit_basis_and_payment_reversal,credit_document_refund_or_carry_forward_receipt,new_invoice,BILLING_INVOICE_CONFLICT
job,queued,start,running,worker,lease_acquired,attempt_recorded,cancel,JOB_CONFLICT
job,running,retry,retry_wait,worker,retryable_error_and_attempts_left,next_attempt_scheduled,cancel,JOB_RETRY_EXHAUSTED
job,retry_wait,start,running,worker,backoff_elapsed_and_lease,attempt_recorded,cancel,JOB_CONFLICT
job,running,succeed,succeeded,worker,result_committed,completion_event,none,JOB_CONFLICT
job,running,fail_terminal,failed_terminal,worker,non_retryable_or_exhausted,error_receipt,new_job,JOB_RETRY_EXHAUSTED
job,queued,cancel,cancelled,authorized_actor,cancellation_allowed,cancel_event,new_job,JOB_CONFLICT
job,running,cancel,cancelled,authorized_actor,cancellation_allowed_lease_fenced,cancel_event,new_job,JOB_CONFLICT
job,retry_wait,cancel,cancelled,authorized_actor,cancellation_allowed,cancel_event,new_job,JOB_CONFLICT
integration,active,pause,paused,integration_admin,authorized_reason,new_deliveries_held,resume,WEBHOOK_ENDPOINT_BLOCKED
integration,paused,resume,active,integration_admin,endpoint_revalidated,queued_deliveries_released,pause,WEBHOOK_ENDPOINT_BLOCKED
integration,active,revoke,revoked,integration_admin_or_security,recent_auth,secret_invalidated_and_queue_cancelled,new_connection,WEBHOOK_ENDPOINT_BLOCKED
webhook_delivery,queued,start,sending,worker,lease_and_active_connection,attempt_recorded,retry,WEBHOOK_DELIVERY_FAILED
webhook_delivery,sending,retry,retry_wait,worker,retryable_response_and_attempts_left,backoff_scheduled,cancel,WEBHOOK_DELIVERY_FAILED
webhook_delivery,retry_wait,start,sending,worker,backoff_elapsed_and_active_connection,new_attempt,retry,WEBHOOK_DELIVERY_FAILED
webhook_delivery,sending,mark_delivered,delivered,worker,accepted_response,receipt_recorded,none,WEBHOOK_DELIVERY_FAILED
webhook_delivery,sending,fail_terminal,failed_terminal,worker,non_retryable_or_exhausted,dead_letter_and_alert,new_webhook_delivery,WEBHOOK_RETRY_EXHAUSTED
webhook_delivery,queued,cancel,cancelled,system_or_integration_admin,connection_revoked_or_authorized,cancel_receipt,new_delivery,WEBHOOK_ENDPOINT_BLOCKED
webhook_delivery,retry_wait,cancel,cancelled,system_or_integration_admin,connection_revoked_or_authorized,cancel_receipt,new_delivery,WEBHOOK_ENDPOINT_BLOCKED
notification_delivery,queued,mark_sent,sent,delivery_worker,configured_sink_accepted,sink_receipt_recorded,none,NOTIFICATION_DELIVERY_FAILED
notification_delivery,sent,mark_delivered,delivered,delivery_worker,in_app_commit_or_approved_provider_confirmation,delivery_timestamp,none,NOTIFICATION_DELIVERY_FAILED
notification_delivery,sent,mark_bounced,bounced,delivery_worker,permanent_recipient_failure,preference_or_identity_review,new_delivery,NOTIFICATION_DELIVERY_FAILED
notification_delivery,queued,fail,failed,delivery_worker,retryable_or_terminal_failure,error_receipt_and_retry_policy,retry,NOTIFICATION_DELIVERY_FAILED
notification_delivery,queued,cancel,cancelled,system_or_authorized_actor,cancellation_allowed,cancel_receipt,new_delivery,NOTIFICATION_DELIVERY_FAILED
notification_delivery,failed,retry,queued,delivery_worker,retry_budget_available_and_sink_enabled,new_delivery_attempt,cancel,NOTIFICATION_DELIVERY_FAILED
export_job,requested,authorize,authorized,owner_or_admin,recent_auth_scope,async_job_created,cancel,EXPORT_AUTH_REQUIRED
export_job,authorized,start_collecting,collecting,worker,job_lease,scoped_snapshot,cancel,EXPORT_FAILED
export_job,collecting,start_packaging,packaging,worker,all_sources_collected,manifest_and_archive,cancel,EXPORT_FAILED
export_job,packaging,mark_ready,ready,worker,hash_and_scope_checks,short_lived_download,expire,EXPORT_FAILED
export_job,ready,expire,expired,system,ttl_elapsed,storage_cleanup,new_export,EXPORT_EXPIRED
export_job,collecting,fail,failed,worker,terminal_export_error,error_receipt,new_export,EXPORT_FAILED
deletion_job,requested,start_cooling_off,cooling_off,owner_or_system,recent_auth_and_export_offered,closure_notices,cancel,DELETION_BLOCKED
deletion_job,cooling_off,block_by_hold,blocked_by_hold,retention_worker,applicable_legal_hold,hold_reference_recorded,release_hold,LEGAL_HOLD_ACTIVE
deletion_job,cooling_off,schedule,scheduled,retention_worker,window_elapsed_retention_validated_no_hold,execution_time_fixed,cancel,DELETION_BLOCKED
deletion_job,cooling_off,cancel,cancelled,owner,recent_auth_before_execution,organization_access_restored,new_request,DELETION_BLOCKED
deletion_job,scheduled,cancel,cancelled,owner,recent_auth_before_execution_worker_not_started,organization_access_restored,new_request,DELETION_BLOCKED
deletion_job,scheduled,execute,executing,retention_worker,execution_window,delete_by_class,new_organization_from_export,DELETION_FAILED
deletion_job,executing,verify,verified,retention_worker,all_stores_attempted,reconciliation_report,new_deletion_job,DELETION_FAILED
deletion_job,verified,complete,complete,retention_worker,no_unexplained_failures,deletion_certificate,none,DELETION_FAILED
deletion_job,blocked_by_hold,release_hold,cooling_off,retention_worker,hold_released_and_retention_revalidated,resume_notice_and_new_execute_after,cancel,LEGAL_HOLD_ACTIVE
mobile_capture,failed_terminal,retry,local_queued,field_user,local_record_intact_identity_authorized_and_retry_confirmed,new_outbox_attempt,new_local_capture,SYNC_CONFLICT
support_grant,requested,approve,active,tenant_owner_or_admin,recent_auth_scope_ttl,banner_audit,revoke,SUPPORT_GRANT_DENIED
support_grant,active,revoke,revoked,tenant_or_platform_security,authorized_revoke,access_ended_and_alert,new_request,SUPPORT_GRANT_DENIED
support_grant,active,expire,expired,system,ttl_elapsed,access_ended_and_audit,new_request,SUPPORT_GRANT_DENIED
contract_terms,draft,start_validation,validating,commercial_or_pto,draft_complete_and_exact_preview,validation_snapshot,new_contract_terms_draft,CONTRACT_TERMS_CONFLICT
contract_terms,validating,publish,published,commercial_or_pto,fresh_preview_confirmations_and_version,terms_published_and_dependents_enabled,new_version,CONTRACT_TERMS_CONFLICT
contract_terms,published,supersede,superseded,commercial_or_pto,new_published_version,open_scope_impact_actions,new_version,CONTRACT_TERMS_CONFLICT
contract_terms,validating,reject,rejected,validator,invalid_formula_or_missing_confirmation,reason_receipt,new_version,CONTRACT_TERMS_CONFLICT
work_assignment,planned,assign,assigned,project_manager,scope_quantity_terms_rules_references_valid,occurrences_created_and_notification,cancel,ASSIGNMENT_CONFLICT
work_assignment,assigned,accept,accepted,assignee,exact_version_cached_or_online,acknowledgement_receipt,cancel,ASSIGNMENT_CONFLICT
work_assignment,accepted,start,in_progress,assignee,scope_active,capture_enabled,cancel,ASSIGNMENT_CONFLICT
work_assignment,in_progress,submit,submitted,assignee,server_capture_receipt,review_tasks_created_and_assignment_leases_invalidated,return,ASSIGNMENT_CONFLICT
work_assignment,submitted,return,returned,internal_reviewer,structured_reason_and_exact_version,correction_action_and_assignment_leases_invalidated,reassign,ASSIGNMENT_CONFLICT
work_assignment,returned,reassign,assigned,project_manager,reason_and_new_exact_version,assignee_notified_and_assignment_leases_invalidated,cancel,ASSIGNMENT_CONFLICT
work_assignment,submitted,complete,completed,project_manager_or_system,required_occurrences_eligible,completion_receipt_and_assignment_leases_invalidated,new_assignment,ASSIGNMENT_CONFLICT
work_assignment,planned,cancel,cancelled,project_manager,reason_and_no_committed_capture,cancel_receipt,new_assignment,ASSIGNMENT_CONFLICT
work_assignment,assigned,cancel,cancelled,project_manager,reason_and_history_preserved,cancel_receipt,new_assignment,ASSIGNMENT_CONFLICT
work_assignment,accepted,cancel,cancelled,project_manager,reason_and_no_unreversed_quantity,cancel_receipt,new_assignment,ASSIGNMENT_CONFLICT
work_assignment,in_progress,cancel,cancelled,project_manager,reason_and_quantity_impact_previewed,cancel_receipt_and_assignment_leases_invalidated,new_assignment,ASSIGNMENT_CONFLICT
work_assignment,returned,cancel,cancelled,project_manager,reason_and_history_preserved,cancel_receipt_and_assignment_leases_invalidated,new_assignment,ASSIGNMENT_CONFLICT
requirement_occurrence,required,start_capture,capture_pending,field_assignee,exact_assignment_rule_reference_cached,local_outbox_receipt,new_capture,OCCURRENCE_CONFLICT
requirement_occurrence,capture_pending,mark_ready,ready_for_inspection,worker,server_received_valid_minimum,review_task_created,new_capture,OCCURRENCE_CONFLICT
requirement_occurrence,ready_for_inspection,pass,passed,internal_reviewer,exact_version_and_sod,append_hold_decision,new_decision,HOLD_POINT_BLOCKED
requirement_occurrence,ready_for_inspection,pass_with_notes,passed_with_notes,internal_reviewer,exact_version_reason_and_sod,append_hold_decision,new_decision,HOLD_POINT_BLOCKED
requirement_occurrence,ready_for_inspection,fail,failed,internal_reviewer,exact_version_reason_and_sod,correction_action,new_occurrence_revision,HOLD_POINT_BLOCKED
requirement_occurrence,failed,start_correction,capture_pending,field_assignee,new_capture_revision_targets_exact_occurrence,review_task_reopened,new_occurrence_revision,OCCURRENCE_CONFLICT
requirement_occurrence,required,waive,waived,authorized_manager,active_exact_occurrence_waiver_reason_expiry_and_scope,waiver_visible_and_readiness_recomputed,waiver_expire,READINESS_OVERRIDE_DENIED
requirement_occurrence,waived,waiver_expire,required,system,waiver_elapsed_before_closure,risk_and_escalation_visible,new_waiver,OCCURRENCE_CONFLICT
requirement_occurrence,passed,close,closed,authorized_field_or_pm,append_only_concealment_event,readiness_recompute,new_occurrence,HOLD_POINT_BLOCKED
requirement_occurrence,passed_with_notes,close,closed,authorized_field_or_pm,append_only_concealment_event_and_note_ack,readiness_recompute,new_occurrence,HOLD_POINT_BLOCKED
requirement_occurrence,waived,close,closed,authorized_manager,active_visible_waiver_and_event,manifest_marks_waiver,new_occurrence,HOLD_POINT_BLOCKED
requirement_occurrence,required,expire,expired,system,due_elapsed,escalation_and_risk_visible,new_occurrence,OCCURRENCE_CONFLICT
reference_document,draft,start_validation,validating,pto,metadata_original_and_impact_preview,validation_snapshot,new_revision,REFERENCE_STALE
reference_document,validating,publish,published,pto,fresh_preview_and_unique_revision,current_revision_changed,new_revision,REFERENCE_STALE
reference_document,published,supersede,superseded,pto,new_published_revision,stale_reference_actions,new_revision,REFERENCE_STALE
reference_document,validating,reject,rejected,validator,invalid_original_or_metadata,reason_receipt,new_revision,REFERENCE_STALE
typed_evidence,received,validate,valid,worker,allowlisted_schema_and_required_original,occurrence_recompute,invalidate,TYPED_EVIDENCE_INVALID
typed_evidence,received,validate_warning,warning,worker,allowlisted_schema_with_nonblocking_warning,review_task_and_warning,invalidate,TYPED_EVIDENCE_INVALID
typed_evidence,valid,invalidate,invalidated,internal_reviewer,reason_and_exact_version,all_linked_occurrences_recomputed,new_response,TYPED_EVIDENCE_INVALID
typed_evidence,warning,invalidate,invalidated,internal_reviewer,reason_and_exact_version,all_linked_occurrences_recomputed,new_response,TYPED_EVIDENCE_INVALID
review_task,open,assign,assigned,review_manager,reviewer_scope_and_sod,reviewer_notified,cancel,REVIEW_SLA_CONFLICT
review_task,assigned,start,in_review,internal_reviewer,exact_target_version,opened_receipt,reassign,REVIEW_SLA_CONFLICT
review_task,in_review,complete,completed,internal_reviewer,immutable_decision_committed,sla_result_and_readiness,new_task,REVIEW_SLA_CONFLICT
review_task,open,expire,expired,system,due_elapsed,escalation_visible,new_task,REVIEW_SLA_CONFLICT
review_task,assigned,expire,expired,system,due_elapsed,escalation_visible,new_task,REVIEW_SLA_CONFLICT
review_task,open,cancel,cancelled,system_or_review_manager,target_inapplicable,reason_receipt,new_task,REVIEW_SLA_CONFLICT
review_task,assigned,cancel,cancelled,system_or_review_manager,target_inapplicable_or_replaced,reason_receipt,new_task,REVIEW_SLA_CONFLICT
review_task,in_review,cancel,cancelled,system_or_review_manager,target_inapplicable_or_replaced,reason_receipt,new_task,REVIEW_SLA_CONFLICT
review_task,open,reassign,open,review_manager,exact_target_version_scope_and_sod,reassignment_receipt_and_sla_recomputed,reassign,REVIEW_SLA_CONFLICT
review_task,assigned,reassign,assigned,review_manager,exact_target_version_scope_and_sod,reassignment_receipt_and_sla_recomputed,reassign,REVIEW_SLA_CONFLICT
review_task,in_review,reassign,in_review,review_manager,exact_target_version_scope_and_sod,reassignment_receipt_and_sla_recomputed,reassign,REVIEW_SLA_CONFLICT
package_decision_item,pending,finalize_accepted,accepted,system,complete_set_and_amount_equals_submitted,immutable_item_receipt,new_decision_item,PACKAGE_DECISION_UNBALANCED
package_decision_item,pending,finalize_returned,returned,system,complete_set_reason_owner_due_and_zero_amount,immutable_item_receipt,new_decision_item,PACKAGE_DECISION_UNBALANCED
package_decision_item,pending,finalize_modified,modified,system,complete_set_reason_owner_due_and_reduced_amount,immutable_item_receipt,new_decision_item,PACKAGE_DECISION_UNBALANCED
package_decision_item,returned,open_correction,correction_open,system,owner_due_and_source_decision,correction_task_created,new_decision_item,PACKAGE_DECISION_UNBALANCED
package_decision_item,modified,open_correction,correction_open,system,owner_due_and_source_decision,correction_task_created,new_decision_item,PACKAGE_DECISION_UNBALANCED
package_decision_item,correction_open,resolve,resolved,commercial_or_pto,new_package_version_links_correction,resolution_receipt,new_decision_item,PACKAGE_DECISION_UNBALANCED
package_decision_set,pending_reconciliation,reconcile,reconciled,commercial_manager,all_exact_lines_present_and_server_totals_balance,package_state_transition,new_decision_set,PACKAGE_DECISION_UNBALANCED
package_decision_set,pending_reconciliation,supersede,superseded,commercial_manager,newer_authoritative_decision_set,old_receipt_preserved,new_decision_set,PACKAGE_DECISION_UNBALANCED
capture_session,quarantined,approve_authorization_recovery,server_received,security_admin,authorization_exception_exact_version_and_evidence,authorization_receipt_then_normal_scan,none,CAPTURE_AUTHORIZATION_RECOVERY_DENIED
capture_session,quarantined,reject_authorization_recovery,terminal_failed,security_admin,authorization_exception_exact_version_and_reason,rejection_receipt_and_creator_notification,new_revision,CAPTURE_AUTHORIZATION_RECOVERY_DENIED
capture_session,approved,correct_review_decision,pending_review,review_manager,recent_auth_window_open_no_package_claim_no_acceptance_and_exact_current_decision,append_correction_receipt_clear_current_decision_and_create_review_task,new_review_decision,REVIEW_CORRECTION_DOWNSTREAM_LOCKED
capture_session,returned,correct_review_decision,pending_review,review_manager,recent_auth_window_open_no_successor_capture_no_package_claim_and_exact_current_decision,append_correction_receipt_clear_current_decision_and_create_review_task,new_review_decision,REVIEW_CORRECTION_WINDOW_EXPIRED
requirement_waiver,active,expire,expired,system,expires_at_elapsed,requirement_and_readiness_recomputed,new_waiver,WAIVER_EXPIRED
requirement_waiver,active,revoke,revoked,authorized_manager,recent_auth_exact_version_reason_and_occurrence_not_closed,revocation_receipt_requirement_and_readiness_recomputed,new_waiver,WAIVER_REVOKE_CONFLICT
period_close_cycle,preflight,commit,committed,authorized_closer,exact_preflight_hash_and_period_closing,package_snapshot_and_period_close,reopen,PACKAGE_VERSION_CONFLICT
period_close_cycle,preflight,cancel,cancelled,authorized_closer,exact_cycle_and_no_commit,close_lock_released,new_cycle,PERIOD_LOCKED
period_close_cycle,committed,reopen,reopened,authorized_closer,recent_auth_no_submission_no_external_decision_no_acceptance_no_receivable_no_payment,reopen_receipt_and_new_cycle,new_cycle,PERIOD_REOPEN_DENIED
member_offboarding_plan,draft,complete_scan,ready_for_preview,worker,all_cursors_exhausted_and_dependency_hash_fixed,plan_resolution_enabled,expire,MEMBER_OFFBOARDING_PLAN_STALE
member_offboarding_plan,ready_for_preview,save_resolutions,ready_for_preview,owner_admin_or_security,exact_plan_version_and_each_item_resolved_or_blocked,version_and_resolution_count_incremented,save_resolutions,MEMBER_OFFBOARDING_PLAN_STALE
member_offboarding_plan,ready_for_preview,preview,previewed,owner_admin_or_security,scan_complete_no_unresolved_items_no_blockers_and_exact_dependency_versions,short_lived_preview_receipt,expire,MEMBER_OFFBOARDING_PLAN_STALE
member_offboarding_plan,previewed,consume,consumed,owner_admin_or_security,exact_plan_preview_hash_and_membership_version,atomic_reassignment_scope_change_lease_invalidation_and_revocation,new_plan,MEMBER_OFFBOARDING_PLAN_STALE
member_offboarding_plan,draft,expire,expired,system,expires_at_elapsed,discard_unconsumed_plan,new_plan,MEMBER_OFFBOARDING_PLAN_STALE
member_offboarding_plan,ready_for_preview,expire,expired,system,expires_at_elapsed,discard_unconsumed_plan,new_plan,MEMBER_OFFBOARDING_PLAN_STALE
member_offboarding_plan,previewed,expire,expired,system,expires_at_elapsed,discard_unconsumed_plan,new_plan,MEMBER_OFFBOARDING_PLAN_STALE
package_decision_issue,open,resolve,resolved,commercial_manager,explicit_resolution_note_and_reconciliation_still_pending,resolution_receipt,new_issue,PACKAGE_DECISION_ISSUES_OPEN
package_decision_issue,open,cancel,cancelled,system,decision_set_superseded,cancellation_receipt,new_issue,PACKAGE_DECISION_ISSUES_OPEN
export_job,requested,cancel,cancelled,owner_or_admin,recent_auth_and_not_started,cancellation_receipt,new_export,EXPORT_CANCEL_CONFLICT
export_job,authorized,cancel,cancelled,owner_or_admin,recent_auth_and_not_started,cancellation_receipt_and_lease_release,new_export,EXPORT_CANCEL_CONFLICT
export_job,collecting,cancel,cancel_requested,owner_or_admin,recent_auth,worker_stop_requested,new_export,EXPORT_CANCEL_CONFLICT
export_job,packaging,cancel,cancel_requested,owner_or_admin,recent_auth,worker_stop_requested,new_export,EXPORT_CANCEL_CONFLICT
export_job,cancel_requested,finish_cancel,cancelled,worker,safe_boundary_reached,partial_artifacts_erased_and_receipt,new_export,EXPORT_CANCEL_CONFLICT
export_job,packaging,fail,failed,worker,terminal_export_error,error_receipt,new_export,EXPORT_FAILED
numbering_series,active,retire,retired,commercial_or_pto,no_active_terms_reference_no_active_reservation_and_exact_version,retirement_receipt_and_sequence_frozen,new_series,NUMBERING_SERIES_IN_USE
