action_id,screen_id,action_key,release,operation_id,permission_resource,transition_domain,audit_event,test_ids,state_consequence
A-001,S02,submit_pilot_qualification,Pilot,submitPilotLead,none,none,pilot_form_submitted,T-LEAD-001,Opaque lead receipt only; no workspace is created.
A-002,S05,create_workspace,Pilot,createOrganization,organization,organization,workspace_created,T-ORG-001,Organization and owner membership commit atomically.
A-003,S36,update_workspace,Pilot,updateOrganization,organization,organization,organization_updated,T-ORG-001,Mutable settings change under ETag; lifecycle uses dedicated commands.
A-004,S36,request_closure,Pilot,requestOrganizationClosure,organization,organization|deletion_job,organization_closure_requested,T-CLOSURE-001,Organization enters closing and export-first cooling-off begins.
A-005,S36,cancel_closure,Pilot,cancelOrganizationClosure,organization,organization|deletion_job,organization_closure_cancelled,T-CLOSURE-001,Cooling-off job becomes cancelled and access returns.
A-006,S32,update_membership,Pilot,updateMembership,members,membership,membership_changed,T-INVITE-SCOPE-001|T-OFFBOARD-001,Non-owner role and nested scopes update with exact version; lifecycle state is excluded.
A-007,S09,send_invitation,Pilot,createInvitation,members,invitation,team_invitation_sent,T-INVITATION-001,One-time scoped invitation is queued.
A-008,S04,accept_invitation,Pilot,acceptInvitation,members,invitation|membership,team_invitation_accepted,T-INVITATION-001,Exactly one membership activates after server-verified MFA and terms.
A-009,S32,reissue_invitation,Pilot,reissueInvitation,members,invitation,team_invitation_sent|team_invitation_revoked,T-INVITATION-001,Prior token is invalidated and replacement delivery is queued.
A-010,S32,revoke_invitation,Pilot,revokeInvitation,members,invitation,team_invitation_revoked,T-INVITATION-001,Unused capability is revoked immediately.
A-011,S32,request_owner_transfer,GA,requestOwnershipTransfer,organization,ownership_transfer,ownership_transfer_requested,T-OWNERSHIP-001,Two-party transfer enters requested state.
A-012,S32,decide_owner_transfer,GA,decideOwnershipTransfer,organization,ownership_transfer,ownership_transfer_completed,T-OWNERSHIP-001,Successor confirmation or cancellation uses exact transfer version.
A-013,S06,create_project,Pilot,createProject,project,project,project_created,T-PROJECT-001,Draft project is created under entitlement limit.
A-014,S11,update_project,Pilot,updateProject,project,project,project_updated,T-PROJECT-001,Display metadata changes under ETag; lifecycle uses A-077 and commercial identities remain immutable snapshots.
A-015,S06,create_location,Pilot,createLocation,project,project,location_created,T-PROJECT-001,Location is created within project scope.
A-016,S13,create_work_item,Pilot,createWorkItem,work_item,work_item,work_item_created,T-WORK-COMMAND-001,Single item binds immutable published contract version.
A-018,S07|S26,create_upload_grant,Pilot,createUploadGrant,contract|evidence,upload_intent,upload_grant_issued,T-UPLOAD-001|T-UPLOAD-002,Purpose selects contract-import or evidence-create authority and server retention class; evidence additionally binds a scoped work item and stable client capture operation before an authorized immutable upload intent and short-lived grant are returned.
A-019,S07|S28,complete_upload,Pilot,completeUpload,contract|evidence,upload_intent,upload_completed,T-UPLOAD-001|T-UPLOAD-002,Completion transitions the exact authorized purpose key bytes hash type size and retention class to sealed and commits one verification job/receipt.
A-020,S07,start_estimate_import,Pilot,createEstimateImport,contract,import_job,estimate_import_started,T-IMPORT-001,Quarantined source begins dry-run validation.
A-021,S07,confirm_estimate_import,Pilot,confirmEstimateImport,contract,contract_version,estimate_import_confirmed,T-IMPORT-002,Published contract version and work items commit atomically.
A-022,S08,preview_rule_impact,Pilot,previewRuleImpact,rule,rule_version,rule_impact_previewed,T-RULE-002,Preview binds exact input hash without publishing.
A-023,S08,publish_rule_version,Pilot,publishProjectRuleVersion,rule,rule_version,rules_published,T-RULE-002,Immutable version publishes only from fresh acknowledged preview.
A-024,S40,create_occurrence_waiver,Pilot,createOccurrenceWaiver,occurrence,requirement_occurrence,readiness_override_created,T-WAIVER-001|T-SUBJECT-001,Time-bound waiver targets one exact occurrence and discloses affected quantity or value.
A-025,S26,submit_capture,Pilot,submitCaptureSession,evidence,capture_session,capture_submitted,T-CAPTURE-001,Idempotent server receipt binds evidence and quantity lineage.
A-026,S16,decide_capture,Pilot,decideCaptureSession,review,capture_session,review_approved|review_returned,T-REVIEW-002,Append-only approve or return decision triggers recompute.
A-027,S10,request_evidence,Pilot,createEvidenceRequest,evidence_request,evidence_request,evidence_request_created,T-EVIDENCE-REQUEST-001,Request stays open and blocker remains active.
A-028,S14,cancel_evidence_request,Pilot,cancelEvidenceRequest,evidence_request,evidence_request,evidence_request_resolved,T-EVIDENCE-REQUEST-001,Request closes with reason while blocker remains.
A-029,S19,create_period,Pilot,createPeriod,period,period,period_created,T-PREFLIGHT-001,Open reporting period is created idempotently.
A-030,S19,close_period,Pilot,closePeriod,period,period,period_closed,T-PREFLIGHT-001,Exact preflight version freezes closed period.
A-031,S19,reopen_period,Pilot,reopenPeriod,period,period,period_reopened,T-PERIOD-REOPEN-001,Eligible pre-submission period returns open without history rewrite.
A-032,S20,generate_package,Pilot,generatePackageVersion,package,package,package_generation_requested,T-PACK-001,Immutable snapshot commits and deterministic render queues.
A-033,S20,create_package_download,Pilot,createPackageDownloadGrant,package,none,package_download_grant_issued,T-EXPORT-001,Audited short-lived exact artifact grant is returned.
A-034,S21,record_submission,Pilot,recordPackageSubmission,package,package,package_submitted,T-SUBMIT-001,Exact package version receives operational submission receipt.
A-035,S21,record_manual_decision,Pilot,recordManualPackageDecision,package,package,package_decision_set_started,T-SUBMIT-001|T-PACKAGE-DECISION-002,Manual aggregate decision creates a source receipt and moves the package only to pending reconciliation.
A-036,S36,create_export,Pilot,createExport,export,export_job,organization_export_requested,T-EXPORT-002,Scoped asynchronous export snapshot begins.
A-037,S36,create_export_download,Pilot,createExportDownloadGrant,export,export_job,export_download_grant_issued,T-EXPORT-002,Recent-auth short-lived export download is issued.
A-038,platform_only,record_saas_payment,Pilot,recordSaasPayment,platform_saas_billing,saas_invoice,saas_payment_recorded,T-SAAS-PAYMENT-001,An isolated platform operator reconciles one exact bank settlement; a tenant user can never mark its own invoice paid or restore entitlement.
A-039,S35,preview_plan_change,GA,previewPlanChange,saas_subscription,subscription,plan_change_previewed,T-ENTITLEMENT-001,Exact price entitlement and resource impact preview is returned.
A-040,S35,request_plan_change,GA,requestPlanChange,saas_subscription,subscription,plan_changed,T-ENTITLEMENT-001,Confirmed preview queues effective plan change.
A-041,S35,change_subscription_state,GA,changeSubscriptionState,saas_subscription,subscription,subscription_state_changed,T-BILL-001,Cancel or reactivate preserves data and exact consequences.
A-042,platform_only,transition_saas_invoice,GA,transitionSaasInvoice,platform_saas_billing,saas_invoice,saas_invoice_state_changed,T-SAAS-DOC-001,An isolated platform operator appends cancel or credit history; tenant subscription-management permission never authorizes this command.
A-043,S18,create_variation,GA,createVariation,variation,variation,variation_created,T-VAR-001,Variation draft starts without mutating base contract.
A-044,S18,issue_variation,GA,issueVariation,variation,variation,variation_issued,T-VAR-001,Exact immutable variation version is issued.
A-045,S18,record_variation_decision,GA,recordVariationDecision,variation,variation,variation_acknowledged,T-VAR-002,Append-only exact-version decision is stored.
A-046,S21,create_external_share,GA,createExternalShare,package,external_share,external_share_created,T-EXT-001,Exact-resource capability is returned once.
A-047,S29,open_external_session,GA,openExternalReviewSession,package,external_share,external_share_opened,T-EXT-001,OTP and capability establish short-lived exact session.
A-048,S30,record_external_decision,GA,createExternalDecision,package,external_share,external_decision_recorded,T-EXT-002,Append-only external operational decision is stored.
A-049,S22,record_acceptance,GA,recordAcceptance,receivable,acceptance,acceptance_recorded,T-COMMERCIAL-LIFECYCLE-001,Acceptance basis and assurance are versioned.
A-050,S22,create_receivable,GA,createReceivable,receivable,receivable,receivable_created,T-COMMERCIAL-LIFECYCLE-001,Receivable draft derives from authorized acceptance.
A-051,S22,transition_receivable,GA,transitionReceivable,receivable,receivable,receivable_state_changed,T-COMMERCIAL-LIFECYCLE-001,Issue dispute resolve write-off or cancel follows state guards.
A-052,S22,adjust_receivable,GA,adjustReceivable,receivable,receivable,receivable_state_changed,T-COMMERCIAL-LIFECYCLE-001,Deduction credit debit or correction is append-only.
A-053,S22,release_retention,GA,releaseRetention,receivable,receivable,retention_released,T-COMMERCIAL-LIFECYCLE-001,Release cannot exceed retained amount.
A-054,S22,record_payment,GA,recordPayment,payment,receivable,payment_recorded,T-PAY-002,Payment and allocations commit atomically.
A-055,S22,reverse_payment,GA,reversePayment,payment,receivable,payment_reversed,T-COMMERCIAL-LIFECYCLE-001,Append-only reversal cannot exceed payment or allocations.
A-056,S22,import_payments,GA,createPaymentReconciliationImport,payment,job,payment_import_queued,T-COMMERCIAL-LIFECYCLE-001,CSV creates preview job and never commits money silently.
A-057,S34,create_integration,GA,createIntegration,integration,integration,integration_changed,T-INTEGRATION-LIFECYCLE-001,Scoped connection is created with secret returned once.
A-058,S34,preview_integration_mapping,GA,previewIntegrationMapping,integration,integration,integration_mapping_previewed,T-INTEGRATION-LIFECYCLE-001,Redacted dry-run validates mapping without delivery.
A-059,S34,change_integration_state,GA,changeIntegrationState,integration,integration,integration_changed,T-INTEGRATION-LIFECYCLE-001,Pause resume or revoke follows exact version.
A-060,S34,rotate_integration_secret,GA,rotateIntegrationSecret,integration,integration,integration_secret_rotated,T-INTEGRATION-LIFECYCLE-001,New secret is shown once with bounded overlap.
A-061,S34,replay_webhook,GA,replayWebhookDelivery,integration,webhook_delivery,webhook_replay_requested,T-WEBHOOK-001,Authorized replay creates a new delivery attempt; delivery success is emitted separately by the worker.
A-062,platform_only,approve_support_grant,GA,approveSupportGrant,support_grant,support_grant,support_grant_opened,T-SUPPORT-001,Named scoped time-bound support capability activates.
A-063,platform_only,revoke_support_grant,GA,revokeSupportGrant,support_grant,support_grant,support_grant_closed,T-SUPPORT-001,Support capability ends immediately.
A-064,notification_center,update_notification_preferences,Pilot,updateNotificationPreferences,notification,notification_delivery,notification_preferences_changed,T-NOTIFY-001,Preferences change under ETag; mandatory classes remain and unavailable external channels cannot be enabled.
A-065,platform_only,issue_saas_payment_request,Pilot,issueSaasInvoice,platform_saas_billing,saas_invoice,saas_invoice_state_changed,T-SAAS-PAYMENT-001,Isolated platform billing issues one idempotent payment request with immutable plan period and basis snapshot.
A-066,notification_center,mark_notifications_read,Pilot,markNotificationsRead,notification,notification_delivery,notification_read,T-NOTIFY-001,Only the recipient notifications receive an idempotent server read timestamp.
A-067,S37,publish_contract_terms_version,Pilot,publishContractTermsVersion,contract_terms,contract_terms,contract_terms_published,T-TERMS-001,Fresh validated terms snapshot publishes immutably and becomes the default only for future assignments.
A-068,S38,create_work_assignments,Pilot,createWorkAssignments,assignment,work_assignment,work_assignment_created,T-ASSIGNMENT-001|T-ASSIGNMENT-PARTIAL-001|T-OCCURRENCE-001,Each valid row commits independently by clientOperationId and the receipt preserves rejected siblings.
A-069,S39,publish_reference_revision,Pilot,publishReferenceDocumentVersion,reference_document,reference_document,reference_revision_published,T-REFERENCE-001|T-UPLOAD-002,Verified upload publishes as immutable controlled revision after a fresh impact preview.
A-070,S40,decide_hold_point,Pilot,decideHoldPoint,hold_point,requirement_occurrence,hold_point_decided,T-HOLD-001,Append-only exact occurrence decision updates readiness without rewriting evidence.
A-071,S40,record_concealment_event,Pilot,recordConcealmentEvent,occurrence,requirement_occurrence,concealment_recorded,T-HOLD-001|T-OCCURRENCE-001,Eligible passed occurrence closes through an append-only physical concealment receipt.
A-072,S42,record_package_line_decisions,Pilot,recordPackageLineDecisions,package_decision,package_decision_item,package_decision_item_saved|package_line_decisions_recorded|package_decision_set_reconciled,T-PACKAGE-DECISION-001|T-PACKAGE-DECISION-002|T-QUANTITY-CORRECTION-001,Bounded partial saves remain pending; final exact line set commits once with optimistic versions server totals and correction ownership.
A-073,S37,preview_contract_terms,Pilot,previewContractTermsVersion,contract_terms,none,impact_preview_created,T-PREVIEW-001|T-TERMS-001,Persisted exact-input preview is mandatory and stale previews cannot publish.
A-074,S39,preview_reference_revision,Pilot,previewReferenceDocumentVersion,reference_document,none,impact_preview_created,T-PREVIEW-001|T-REFERENCE-001,Preview lists frozen assignments that will become stale without mutating them.
A-075,S38,preview_work_assignments,Pilot,previewWorkAssignments,assignment,none,impact_preview_created,T-PREVIEW-001|T-ASSIGNMENT-PARTIAL-001,Preview returns per-row scope allocation baseline and occurrence impact.
A-076,S38,transition_work_assignment,Pilot,transitionWorkAssignment,assignment,work_assignment,work_assignment_changed,T-ASSIGNMENT-LIFECYCLE-001,Only guarded transition command changes assignment state.
A-077,S07,transition_project,Pilot,transitionProject,project,project,project_updated,T-PROJECT-LIFECYCLE-001,Only guarded transition command changes project lifecycle.
A-078,S08,create_saved_view,Pilot,createSavedView,saved_view,none,saved_view_created,T-SEARCH-VIEW-001,Only allowlisted actor-owned filters and sorts are persisted.
A-079,S09,preview_location_import,Pilot,previewLocationImport,location_import,none,impact_preview_created,T-LOCATION-IMPORT-001,Preview validates hierarchy duplicates and destructive rows without mutations.
A-080,S09,confirm_location_import,Pilot,confirmLocationImport,location_import,import_job,location_import_committed,T-LOCATION-IMPORT-001,Fresh file mapping and project hashes are required before commit.
A-081,S14,invalidate_evidence,Pilot,invalidateEvidenceObject,evidence,capture_session,evidence_invalidated,T-EVIDENCE-INVALIDATE-001|T-SUBJECT-001,History is retained while only exact linked occurrences and readiness are recomputed.
A-082,S32,transition_membership,Pilot,transitionMembership,members,membership,membership_changed,T-OFFBOARD-001|T-CONCURRENCY-001,Suspend reinstate or revoke uses exact state command final-owner guard and immediate access-version refresh.
A-083,S32,preview_member_offboarding,Pilot,previewMemberOffboarding,members,membership,member_offboarding_previewed,T-OFFBOARD-001|T-OFFBOARD-MULTI-001|T-PREVIEW-001,Organization-level preview covers every cross-project responsibility with exact replacement and assignment offline policy.
A-084,S38,reassign_assignment,Pilot,reassignWorkAssignment,assignment,work_assignment,work_assignment_reassigned,T-ASSIGNMENT-001|T-OFFBOARD-001|T-SYNC-002,Exact-version assignee change preserves occurrences and records explicit offline capture policy.
A-085,S38,acknowledge_assignment_reference,Pilot,acknowledgeAssignmentReference,reference_document,work_assignment,assignment_reference_acknowledged,T-REFERENCE-001|T-ASSIGNMENT-LIFECYCLE-001,Acknowledgement changes reference status only; migration creates a replacement assignment.
A-086,S15,reassign_review_task,Pilot,reassignReviewTask,review_task,review_task,review_task_reassigned,T-REVIEW-SLA-001|T-OFFBOARD-001,Reviewer change checks target version scope and separation of duties.
A-087,S37,transition_contract,Pilot,transitionContract,contract,contract,contract_state_changed,T-CONTRACT-LIFECYCLE-001,Activate complete reopen or terminate through expected version and reason before project completion or archive.
A-088,S18,transition_variation,GA,transitionVariation,variation,variation,variation_state_changed,T-VARIATION-LIFECYCLE-001,Internal approval dispute resolution and incorporation complement immutable external decisions.
A-089,S29,revoke_external_share,GA,revokeExternalShare,package,external_share,external_share_revoked,T-EXT-001,Revocation invalidates capability and every derived session atomically.
A-090,S35,preview_subscription_state,GA,previewSubscriptionStateChange,saas_subscription,subscription,subscription_state_previewed,T-BILLING-STATE-001,Exact cancel or reactivate consequences are frozen before confirmation.
A-091,S35,reverse_saas_payment,GA,reverseSaasPayment,platform_saas_billing,saas_invoice,saas_payment_reversed,T-BILLING-LEDGER-001,Append-only reversal is platform-only bounded by unreversed settlement and recomputes entitlements.
A-092,S38,issue_assignment_execution_bundle,Pilot,issueWorkAssignmentExecutionBundle,assignment,work_assignment,assignment_execution_bundle_issued,T-OFFLINE-AUTH-001|T-MOBILE-001,Issue a bounded exact-version server authorization lease before offline capture.
A-093,S40,declare_occurrence_trigger,Pilot,declareOccurrenceTrigger,occurrence,requirement_occurrence,occurrence_trigger_materialized,T-OCCURRENCE-STRATEGY-001,Idempotent strategy-specific trigger materializes exactly one occurrence from authoritative inputs.
A-094,S14,resolve_capture_authorization_exception,Pilot,resolveCaptureAuthorizationException,capture_authorization_exception,capture_session,capture_authorization_exception_resolved,T-OFFLINE-REVOKE-001|T-LEASE-PARENT-001,First server receipt after invalidation stays quarantined until independent security resolution.
A-095,S14,confirm_capture_reporting_date,Pilot,confirmCaptureReportingDate,capture_reporting_date,capture_session,capture_reporting_date_confirmed,T-REPORTING-DATE-001,Authoritative period date is recorded separately from the untrusted device claim.
A-096,S40,revoke_occurrence_waiver,Pilot,revokeOccurrenceWaiver,requirement_waiver,requirement_waiver,occurrence_waiver_revoked,T-WAIVER-REVOKE-001,Append-only revocation restores requirement risk without erasing the original waiver.
A-097,S15,correct_review_decision,Pilot,correctReviewDecision,review,capture_session,review_decision_corrected,T-REVIEW-CORRECTION-001,Short guarded window appends a correction receipt invalidates the current projection and reopens one review task; the later decision becomes the lineage successor.
A-098,S32,create_member_offboarding_plan,Pilot,createMemberOffboardingPlan,member_offboarding_plan,member_offboarding_plan,member_offboarding_plan_changed,T-OFFBOARD-SCALE-001,Cursor-based organization scan freezes exact membership and dependency versions.
A-099,S32,save_member_offboarding_resolutions,Pilot,saveMemberOffboardingResolutions,member_offboarding_plan,member_offboarding_plan,member_offboarding_plan_changed,T-OFFBOARD-SCALE-001,Each responsibility receives an explicit replacement policy or blocker before preview.
A-100,S32,remove_membership_project_scope,Pilot,removeMembershipProjectScope,member_project_scope,membership,membership_project_scope_removed,T-OFFBOARD-SCALE-001|T-COMMAND-AVAILABILITY-001,Scoped managers may remove only their project scope after exact dependency validation.
A-101,S36,cancel_export,Pilot,cancelExport,export,export_job,export_cancel_requested,T-EXPORT-CANCEL-001,Queued export cancels immediately while a running worker stops at a safe boundary and deletes partial artifacts.
A-102,S37,retire_numbering_series,GA,retireNumberingSeries,numbering_series,numbering_series,numbering_series_retired,T-NUMBERING-SERIES-001,Used series may be retired but issued numbers and the next sequence remain immutable.
A-103,S42,resolve_package_decision_issue,Pilot,resolvePackageDecisionIssue,package_decision_issue,package_decision_issue,package_decision_issue_changed,T-PACKAGE-ISSUE-001,Exact-version resolution records an actor and note while any remaining blocking issue continues to prevent reconciliation.
A-104,S37,create_numbering_series,GA,createNumberingSeries,numbering_series,numbering_series,numbering_series_created,T-NUMBERING-SERIES-001,A new stable series starts at server-owned sequence one and never edits or resets an existing format.
A-105,S11,reply_project_communication,Pilot,replyToProjectCommunication,project,communication_message,project_communication.replied,T-TG-002|T-TG-005,Requires project.view plus communication.reply and always queues to the exact project's locked Telegram group; no recipient or channel selector exists.
A-106,S11,retry_project_communication,Pilot,retryProjectCommunication,project,communication_message,project_communication.retried,T-TG-005,Creates a new outbound identity only from failed or delivery_unknown; unknown delivery requires acknowledgePossibleDuplicate=true before the command is available.
